CREATE TABLE DOP_ACTION
(
   ACTION_ID varchar2(64) PRIMARY KEY NOT NULL,
   ACTION_NAME varchar2(64) NOT NULL,
   ACTION_DESC varchar2(1000) NOT NULL,
   ACTION_RELATIVE_URL varchar2(100) DEFAULT NULL,
   ACTION_TYPE decimal(22,0) NOT NULL,
   ACTION_REMARKS varchar2(1000) DEFAULT NULL,
   ACTION_PARENT_ID varchar2(255) DEFAULT NULL
);
CREATE TABLE DOP_APP_PRELIB
(
   ID varchar2(64) PRIMARY KEY NOT NULL,
   APP_ID varchar2(64) DEFAULT NULL,
   LIBRARY_ID varchar2(64) DEFAULT NULL,
   PATH varchar2(1000) DEFAULT NULL,
   LIBRARY_DESCRIPTION varchar2(1000) DEFAULT NULL,
   LIBRARY_NAME varchar2(1000) DEFAULT NULL
);
CREATE TABLE DOP_BUSINESS
(
   BUSINESS_ID varchar2(64) PRIMARY KEY NOT NULL,
   BUSSINESS_NAME varchar2(100) DEFAULT NULL
);
CREATE TABLE DOP_BUS_SYS
(
   ID varchar2(64) NOT NULL,
   BUSINESS_ID varchar2(64),
   SYS_ID varchar2(64)
);
CREATE TABLE DOP_CLUSTER
(
   CLUSTER_ID varchar2(64) PRIMARY KEY NOT NULL,
   CLUSTER_UUID varchar2(64) NOT NULL,
   CLUSTER_NAME varchar2(80) NOT NULL,
   CLUSTER_TYPE decimal(22,0) NOT NULL,
   CLUSTER_STATUS decimal(22,0) NOT NULL,
   CLUSTER_PORT varchar2(5) NOT NULL,
   MANAGE_PATH varchar2(255) NOT NULL,
   CLUSTER_DESC varchar2(200) DEFAULT NULL ,
   MASTE_HOST_ID varchar2(64) NOT NULL,
   CLUSTER_CREATETIME timestamp NOT NULL,
   CLUSTER_CREATOR varchar2(64) NOT NULL,
   STANDBY_HOST_ID varchar2(64) DEFAULT NULL,
   REGISTRY_LB_ID varchar2(64) DEFAULT NULL,
   ENVIRONMENT_ID varchar2(64) DEFAULT NULL
);
CREATE TABLE DOP_COMP_EXPAND
(
   COMP_ID varchar2(64) DEFAULT NULL,
   F5_COMP_ID varchar2(64) DEFAULT NULL,
   AUTO_CONFIG_F5 decimal(22,0) DEFAULT NULL,
   BIGIP_VERSION varchar2(80) DEFAULT NULL,
   F5_EXTERNAL_IP varchar2(255) DEFAULT NULL ,
   F5_EXTERNAL_PORT decimal(22,0) DEFAULT NULL,
   DRIVER_ID varchar2(64) DEFAULT NULL,
   INIT_SQL varchar2(2000) DEFAULT NULL
);
CREATE TABLE DOP_COMP_HOST
(
   ID varchar2(64) PRIMARY KEY NOT NULL,
   DOP_COMPONENT_ID varchar2(64) DEFAULT NULL,
   HOST_ID varchar2(64) DEFAULT NULL,
   NGINX_STATUS decimal(22,0) DEFAULT NULL,
   NGINX_PORT decimal(22,0) DEFAULT NULL
);
CREATE TABLE DOP_COMP_PORT
(
   ID varchar2(64) PRIMARY KEY NOT NULL,
   COMP_ID varchar2(64) DEFAULT NULL,
   PORT_ID varchar2(64) DEFAULT NULL,
   USED_ID varchar2(64) DEFAULT NULL,
   USED_TYPE varchar2(64) DEFAULT NULL
);
CREATE TABLE DOP_COMP_TYPE
(
   COMPONENT_TYPE_ID varchar2(64) PRIMARY KEY NOT NULL,
   COMPONENT_TYPE_NAME varchar2(80) NOT NULL
);
CREATE TABLE DOP_COMPONENT
(
   COMPONENT_ID varchar2(64) PRIMARY KEY NOT NULL,
   COMPONENT_TYPE decimal(22,0) NOT NULL,
   COMPONENT_NAME varchar2(80) NOT NULL,
   COMPONENT_IP varchar2(80) NOT NULL,
   COMPONENT_PWD varchar2(255) DEFAULT NULL ,
   COMPONENT_USERNAME varchar2(255) DEFAULT NULL ,
   COMPONENT_PORT decimal(22,0) DEFAULT NULL,
   COMPONENT_STATUS decimal(22,0) DEFAULT NULL,
   COMPONENT_VERSION varchar2(80) DEFAULT NULL,
   COMPONENT_DESCRIPTION varchar2(200) DEFAULT NULL,
   COMPONENT_DRIVER varchar2(100) DEFAULT NULL,
   COMPONENT_JDBCURL varchar2(100) DEFAULT NULL,
   COMPONENT_CONFIG_DIR varchar2(100) DEFAULT NULL,
   COMPONENT_DB_TYPE decimal(22,0) DEFAULT NULL 
);
CREATE TABLE DOP_CONTAINER
(
   CON_ID varchar2(64) PRIMARY KEY NOT NULL,
   CON_UUID varchar2(64),
   CON_IMGID varchar2(64) NOT NULL,
   CON_CREATOR varchar2(64) NOT NULL,
   CON_NAME varchar2(80),
   CON_POWER decimal(22,0) NOT NULL,
   CON_STATUS decimal(22,0) NOT NULL,
   CON_START_COMMAND varchar2(500) DEFAULT NULL ,
   CON_START_PARAM varchar2(800) DEFAULT NULL ,
   CON_CPU decimal(22,0) DEFAULT NULL ,
   CON_MEM decimal(22,0) DEFAULT NULL ,
   CON_DESC varchar2(200) DEFAULT NULL ,
   SYS_ID varchar2(64) DEFAULT NULL ,
   HOST_ID varchar2(64) DEFAULT NULL ,
   CON_CREATETIME timestamp NOT NULL,
   CON_TEMP_NAME varchar2(100) DEFAULT NULL ,
   CLUSTER_IP varchar2(255) DEFAULT NULL,
   CLUSTER_PORT varchar2(10) DEFAULT NULL,
   CON_TYPE decimal(22,0) DEFAULT NULL,
   ENVIRONMENT_ID varchar2(64) DEFAULT NULL
);
CREATE TABLE DOP_CON_PORT
(
   ID varchar2(64) PRIMARY KEY NOT NULL,
   CON_IP varchar2(255) DEFAULT NULL,
   CONTAINER_ID varchar2(64) NOT NULL,
   PUB_PORT varchar2(10) DEFAULT NULL,
   PRI_PORT varchar2(10) DEFAULT NULL
);
CREATE TABLE DOP_DEPLOY
(
   DEPLOY_ID varchar2(64) PRIMARY KEY NOT NULL,
   SYSTEM_ID varchar2(64) DEFAULT NULL,
   BASE_IMAGE_ID varchar2(64) DEFAULT NULL ,
   APP_IMAGE_ID varchar2(64) DEFAULT NULL ,
   APP_ROUTE varchar2(200) DEFAULT NULL ,
   CONFIG_ROUTE varchar2(200) DEFAULT NULL ,
   INSTANCE_COUNT decimal(22,0) DEFAULT NULL ,
   DEPLOY_VERSION varchar2(50) DEFAULT NULL ,
   VERSION_CHANGE decimal(22,0) DEFAULT NULL ,
   DNS_ENABLE decimal(22,0) DEFAULT NULL ,
   HTTP varchar2(8) DEFAULT NULL,
   DOMAIN_NAME varchar2(255) DEFAULT NULL ,
   APP_NAME varchar2(255) DEFAULT NULL ,
   URL varchar2(255) DEFAULT NULL ,
   LOADBALANCE_TYPE decimal(22,0) DEFAULT NULL ,
   LOADBALANCE_ID varchar2(64) DEFAULT NULL,
   PORT_CHANGE decimal(22,0) DEFAULT NULL ,
   PORT varchar2(5) DEFAULT NULL ,
   CLUSTERID varchar2(64) DEFAULT NULL,
   CPU decimal(22,0) DEFAULT NULL ,
   MEMERY decimal(22,0) DEFAULT NULL ,
   CREATE_TIMTE timestamp NOT NULL,
   APP_FILE_NAME varchar2(255) DEFAULT NULL,
   NGINX_PORT varchar2(8) DEFAULT NULL,
   SYSTEM_APP_ID varchar2(64) DEFAULT NULL,
   F5_EXTERNAL_IP varchar2(64) DEFAULT NULL,
   F5_EXTERNAL_PORT varchar2(64) DEFAULT NULL,
   XMX decimal(22,0) DEFAULT NULL ,
   XMS decimal(22,0) DEFAULT NULL ,
   DOCKERFILE varchar2(4000) DEFAULT NULL,
   LOCATION_LEAVEL varchar2(64) DEFAULT NULL,
   CONTENT_PATH varchar2(64) DEFAULT NULL,
   REGULARLY_PUBLISH decimal(22,0) DEFAULT NULL ,
   PUBLISH_TIMER timestamp DEFAULT NULL,
   CREATOR varchar2(64) DEFAULT NULL,
   LOCATION_STRAGEGY varchar2(64) DEFAULT NULL,
   INIT_COUNT decimal(22,0) DEFAULT NULL,
   PARAMETER varchar2(4000) DEFAULT NULL
  );
CREATE TABLE DOP_DEPLOY_DATABASE
(
   ID varchar2(64) PRIMARY KEY NOT NULL,
   DEPLOY_ID varchar2(64) DEFAULT NULL,
   DATABASE_ID varchar2(64) DEFAULT NULL,
   DATASOURCE varchar2(80) DEFAULT NULL,
   DRIVER_ID varchar2(64) DEFAULT NULL,
   INIT_SQL varchar2(4000) DEFAULT NULL,
   MAX_CAPACITY varchar2(10) DEFAULT '15',
   MIN_CAPACITY varchar2(10) DEFAULT '1'
);
CREATE TABLE DOP_DEPLOY_FILE
(
   ID varchar2(64) PRIMARY KEY NOT NULL,
   DEPLOY_ID varchar2(64) DEFAULT NULL,
   FILE_NAME varchar2(200) DEFAULT NULL,
   FILE_PATH varchar2(200)
);
CREATE TABLE DOP_DEPLOY_NGINX
(
   ID varchar2(64) PRIMARY KEY NOT NULL,
   DEPLOY_ID varchar2(64) DEFAULT NULL,
   NGINX_ID varchar2(64) DEFAULT NULL 
);
CREATE TABLE DOP_DICTIONARY
(
   ID varchar2(64) PRIMARY KEY NOT NULL,
   DKEY varchar2(255) DEFAULT NULL ,
   DVALUE varchar2(255) DEFAULT NULL ,
   TYPE decimal(22,0) DEFAULT NULL ,
   STATUS decimal(22,0) DEFAULT NULL ,
   DESCR varchar2(255) DEFAULT NULL 
);
CREATE TABLE DOP_DRIVER
(
   ID varchar2(64) PRIMARY KEY NOT NULL,
   DRIVER_NAME varchar2(100) DEFAULT NULL ,
   DRIVER_VERSION varchar2(100) DEFAULT NULL ,
   DRIVER_PATH varchar2(255) DEFAULT NULL ,
   DB_TYPE decimal(22,0) DEFAULT NULL ,
   DRIVER_DESC varchar2(255) DEFAULT NULL 
);
CREATE TABLE DOP_ELASTIC_ITEM
(
   ID varchar2(64) PRIMARY KEY NOT NULL,
   STRATEGY_ID varchar2(64) NOT NULL,
   ITEM_NAME varchar2(16) NOT NULL,
   EXPAND_THRESHOLD decimal(10,2) NOT NULL,
   SHRINK_THRESHOLD decimal(10,2) NOT NULL,
   PRIORITY decimal(22,0) NOT NULL,
   GMT_CREATE timestamp DEFAULT NULL,
   GMT_MODIFY timestamp DEFAULT NULL,
   CREATOR varchar2(64) DEFAULT NULL
);
CREATE TABLE DOP_ELASTIC_STRATEGY
(
   ID varchar2(64) PRIMARY KEY NOT NULL,
   SYSTEM_ID varchar2(64) NOT NULL,
   MAX_NODE decimal(22,0) NOT NULL,
   MIN_NODE decimal(22,0) NOT NULL,
   GMT_CREATE timestamp DEFAULT NULL,
   GMT_MODIFY timestamp DEFAULT NULL,
   CREATOR varchar2(64) NOT NULL,
   ELASTIC_STRATEGY varchar2(16) NOT NULL,
   STEP_SIZE decimal(22,0) DEFAULT NULL,
   CONFLICT_STRATEGY varchar2(16) DEFAULT NULL,
   EXTENDED_BY_DURATION varchar2(100) DEFAULT NULL,
   EXTENDED_BY_INTERVALS varchar2(100) DEFAULT NULL,
   CONTRACTION_BY_DURATION varchar2(100) DEFAULT NULL,
   CONTRACTION_BY_INTERVALS varchar2(100) DEFAULT NULL
);
CREATE TABLE DOP_ENVIRONMENT
(
   ID varchar2(64) PRIMARY KEY NOT NULL,
   E_NAME varchar2(64) NOT NULL,
   E_DESC varchar2(2000) NOT NULL,
   E_CREATOR varchar2(64) NOT NULL,
   E_CREATE_TIME timestamp DEFAULT NULL
);
CREATE TABLE DOP_F5
(
   ID varchar2(64) PRIMARY KEY NOT NULL,
   F5_NAME varchar2(64) DEFAULT NULL,
   F5_HOST_IP varchar2(64) DEFAULT NULL,
   F5_HOST_USER varchar2(100) DEFAULT NULL,
   F5_HOST_PWD varchar2(100) DEFAULT NULL,
   F5_EXTERNAL_IP varchar2(100) DEFAULT NULL,
   F5_EXTERNAL_PORT decimal(22,0) DEFAULT NULL,
   F5_AUTO_CONF decimal(22,0) DEFAULT NULL,
   F5_DESC varchar2(4096) DEFAULT NULL,
   F5_BIGIP varchar2(255) DEFAULT NULL,
   F5_STATUS decimal(22,0) DEFAULT NULL
);
CREATE TABLE DOP_HOST
(
   HOST_ID varchar2(64) PRIMARY KEY NOT NULL,
   HOST_UUID varchar2(64) NOT NULL,
   HOST_NAME varchar2(80) NOT NULL,
   HOST_USER varchar2(80) NOT NULL,
   HOST_PWD varchar2(80) NOT NULL,
   HOST_PORT varchar2(30) NOT NULL,
   HOST_TYPE decimal(22,0) DEFAULT NULL ,
   HOST_IP varchar2(30) NOT NULL,
   HOST_CPU decimal(22,0) NOT NULL,
   HOST_MEM decimal(22,0) NOT NULL,
   HOST_STATUS decimal(22,0) NOT NULL,
   HOST_DESC varchar2(200) DEFAULT NULL ,
   HOST_KERNEL_VERSION varchar2(80) NOT NULL,
   CLUSTER_ID varchar2(64) DEFAULT NULL ,
   HOST_CREATETIME timestamp NOT NULL,
   HOST_CREATOR varchar2(64) NOT NULL,
   DOCKER_STATUS decimal(22,0) DEFAULT NULL,
   LOCATION_ID varchar2(64) DEFAULT NULL,
   REG_ID varchar2(64) DEFAULT NULL,
   ENVIRONMENT_ID varchar2(64) DEFAULT NULL
);
CREATE TABLE DOP_HOST_COMPONENT (
  ID varchar2(64) PRIMARY KEY NOT NULL,
  COM_TYPE varchar2(64) DEFAULT NULL,
  COM_VERSION varchar2(255) DEFAULT NULL,
  COM_FILENAME varchar2(255) DEFAULT NULL,
  COM_STATUS_COMMAND varchar2(4000) DEFAULT NULL,
  COM_INSTALL_COMMAND varchar2(4000) DEFAULT NULL,
  COM_VERION_COMMAND varchar2(4000) DEFAULT NULL,
  COM_UPGRADE_COMMAND varchar2(4000) DEFAULT NULL,
  COM_TRANSFER decimal(22,0) DEFAULT NULL,
  COM_CREATOR varchar2(64) DEFAULT NULL ,
  COM_CREATE_TIME timestamp NOT NULL,
  COM_LOCAL_PATH varchar2(255) DEFAULT NULL 
) ;
CREATE TABLE DOP_HOST_INSTALL(
  ID varchar2(64) PRIMARY KEY NOT NULL,
  HOST_ID varchar2(64) DEFAULT NULL,
  HOST_COMPONENT_ID varchar2(64) DEFAULT NULL
);
CREATE TABLE DOP_IMAGE
(
   IMAGE_ID varchar2(64) PRIMARY KEY NOT NULL,
   IMAGE_UUID varchar2(64) NOT NULL,
   IMAGE_STATUS decimal(22,0) NOT NULL,
   IMAGE_NAME varchar2(80) DEFAULT NULL ,
   IMAGE_TAG varchar2(200) DEFAULT NULL ,
   IMAGE_SIZE decimal(22,0) DEFAULT NULL,
   IMAGE_DESC varchar2(200) DEFAULT NULL ,
   DEPLOY_ID varchar2(64) DEFAULT NULL ,
   IMAGE_PORT varchar2(5) DEFAULT NULL ,
   IMAGE_CREATETIME timestamp DEFAULT NULL,
   IMAGE_CREATOR varchar2(64) DEFAULT NULL,
   IMAGE_TYPE decimal(22,0) DEFAULT NULL,
   TEMP_NAME varchar2(80) DEFAULT NULL ,
   SYSTEM_NAME varchar2(100) DEFAULT NULL,
   ENVIRONMENT_ID varchar2(64) DEFAULT NULL
);
CREATE TABLE DOP_LIBRARY (
  LIBRARY_ID varchar2(64) PRIMARY KEY NOT NULL,
  LIBRARY_NAME varchar2(80) DEFAULT NULL,
  LIBRARY_DESCRIPTION varchar2(255) DEFAULT NULL,
  LIBRARY_FILE_PATH varchar2(100) DEFAULT NULL,
  LIBRARY_CREATETIME timestamp DEFAULT NULL,
  LIBRARY_CREATOR varchar2(64) DEFAULT NULL ,
  STATUS decimal(22,0) DEFAULT NULL
);
CREATE TABLE DOP_LOCATION (
  ID varchar2(64) PRIMARY KEY NOT NULL,
  LOCATION_NAME varchar2(200) DEFAULT NULL,
  LOCATION_CODE varchar2(255) DEFAULT NULL,
  LOCATION_LEVEL decimal(22,0) DEFAULT NULL,
  LOCATION_PARENT varchar2(64) DEFAULT NULL,
  LOCATION_PARAM_CODE varchar2(100) DEFAULT NULL
) ;
CREATE TABLE DOP_LOG
(
   LOG_ID varchar2(64) PRIMARY KEY NOT NULL,
   LOG_OBJECT varchar2(128) DEFAULT NULL,
   LOG_ACTION varchar2(128) DEFAULT NULL,
   LOG_RESULT varchar2(128) DEFAULT NULL,
   USER_ID varchar2(64) DEFAULT NULL,
   USER_NAME varchar2(80) DEFAULT NULL ,
   USER_IP varchar2(30) DEFAULT NULL ,
   LOG_DETAIL varchar2(4000),
   LOG_CREATETIME timestamp DEFAULT NULL 
);
CREATE TABLE DOP_LOG_BACKUP
(
   LOG_ID varchar2(64) PRIMARY KEY NOT NULL,
   LOG_OBJECT varchar2(128) DEFAULT NULL,
   LOG_ACTION varchar2(128) DEFAULT NULL,
   LOG_RESULT varchar2(128) DEFAULT NULL,
   USER_ID varchar2(64) DEFAULT NULL,
   USER_NAME varchar2(80) DEFAULT NULL ,
   USER_IP varchar2(30) DEFAULT NULL ,
   LOG_DETAIL blob,
   LOG_CREATETIME timestamp DEFAULT NULL 
);
CREATE TABLE DOP_MONITOR
(
   MONITOR_ID varchar2(64) PRIMARY KEY NOT NULL,
   TARGET_TYPE decimal(22,0) DEFAULT NULL ,
   MONITOR_TIME timestamp,
   TARGET_ID varchar2(64) DEFAULT NULL,
   CPU varchar2(40) DEFAULT NULL,
   MEM varchar2(40) DEFAULT NULL,
   NETIN varchar2(40) DEFAULT NULL,
   NETOUT varchar2(40) DEFAULT NULL,
   DISK_SPACE varchar2(40) DEFAULT NULL
);
CREATE TABLE DOP_MONITOR_FILE
(
   MONITOR_ID varchar2(64) PRIMARY KEY NOT NULL,
   TARGET_TYPE decimal(22,0) DEFAULT NULL ,
   MONITOR_TIME timestamp,
   TARGET_ID varchar2(40) DEFAULT NULL,
   CPU varchar2(40) DEFAULT NULL,
   MEM varchar2(40) DEFAULT NULL,
   NETIN varchar2(40) DEFAULT NULL,
   NETOUT varchar2(40) DEFAULT NULL,
   DISK_SPACE varchar2(40) DEFAULT NULL
);
CREATE TABLE DOP_PARAMETER (
  ID varchar2(64) PRIMARY KEY NOT NULL,
  PARA_CODE varchar2(255) DEFAULT '',
  PARA_NAME varchar2(255) DEFAULT NULL ,
  PARA_VALUE varchar2(255) DEFAULT NULL ,
  PARA_TYPE varchar2(255) DEFAULT NULL ,
  PARA_DESC varchar2(255) DEFAULT NULL,
  PARENT_ID varchar2(64) DEFAULT NULL
) ;
CREATE TABLE DOP_PORT (
  ID varchar2(64) PRIMARY KEY NOT NULL,
  PORT varchar2(32) DEFAULT NULL ,
  TYPE varchar2(32) DEFAULT NULL
);
CREATE TABLE DOP_RACK (
  ID varchar2(64) PRIMARY KEY NOT NULL,
  RACK_NAME varchar2(255) DEFAULT NULL,
  RACK_REMARK varchar2(2000) DEFAULT NULL,
  CREATOR varchar2(64) DEFAULT NULL ,
  SERVER_ROOM_ID varchar2(64) DEFAULT NULL 
) ;
CREATE TABLE DOP_REG_IMG (
  ID varchar2(64) PRIMARY KEY NOT NULL,
  REGISTRY_ID varchar2(64) DEFAULT NULL ,
  IMAGE_ID varchar2(64) DEFAULT NULL 
);
CREATE TABLE DOP_REGISTRY
(
   REGISTRY_ID varchar2(64) PRIMARY KEY NOT NULL,
   REGISTRY_NAME varchar2(80) DEFAULT NULL,
   REGISTRY_PORT decimal(22,0) DEFAULT NULL,
   REGISTRY_STATUS decimal(22,0) NOT NULL,
   HOST_ID varchar2(64) NOT NULL,
   REGISTRY_DESC varchar2(200) DEFAULT NULL,
   REGISTRY_CREATETIME timestamp NOT NULL,
   REGISTRY_CREATOR varchar2(64) DEFAULT NULL,
   LB_ID  varchar2(64) DEFAULT NULL,
   REGISTRY_DNS varchar2(200) DEFAULT NULL
);
CREATE TABLE DOP_REGISTRY_LB (
  ID varchar2(64) PRIMARY KEY NOT NULL,
  REGISTRY_NAME varchar2(80) DEFAULT NULL,
  REGISTRY_DESC varchar2(200) DEFAULT NULL ,
  COMPONET_ID varchar2(64) DEFAULT NULL ,
  LB_TYPE decimal(22,0) DEFAULT NULL,
  DOMAIN_NAME varchar2(80) DEFAULT NULL,
  LB_PORT decimal(22,0) DEFAULT NULL,
  LB_IP varchar2(30) DEFAULT NULL ,
  LB_HOST_ID varchar2(64) DEFAULT NULL,
  STATUS decimal(22,0) DEFAULT NULL,
  REGISTRY_CREATETIME timestamp DEFAULT NULL ,
  REGISTRY_CREATOR varchar2(64) DEFAULT NULL 
);
CREATE TABLE DOP_ROLE (
  ROLE_ID varchar2(64) PRIMARY KEY NOT NULL,
  ROLE_NAME varchar2(80) NOT NULL,
  ROLE_DESC varchar2(200) DEFAULT NULL,
  ROLE_REMARKS decimal(22,0)  DEFAULT NULL,
  ROLE_STATUS decimal(22,0)  NOT NULL
);
CREATE TABLE DOP_ROLE_ACTION (
  ID varchar2(64) PRIMARY KEY NOT NULL,
  ROLE_ID varchar2(64) NOT NULL,
  ACTION_ID varchar2(64) NOT NULL 
) ;
CREATE TABLE DOP_SERVER_ROOM (
  ID varchar(64) PRIMARY KEY NOT NULL,
  SERVER_ROOM_NAME varchar2(255) DEFAULT NULL,
  SERVER_ROOM_REMARK varchar2(2000) DEFAULT NULL ,
  CREATOR varchar2(64) DEFAULT NULL
) ;
CREATE TABLE DOP_SYSTEM
(
   SYSTEM_ID varchar2(64) PRIMARY KEY NOT NULL,
   SYSTEM_TYPE decimal(22,0) DEFAULT NULL,
   SYSTEM_NAME varchar2(80) DEFAULT NULL,
   SYSTEM_VERSION varchar2(80) DEFAULT NULL,
   SYSTEM_DEPLOY_STATUS decimal(22,0) NOT NULL,
   SYSTEM_ELASTICITY_STATUS decimal(22,0) NOT NULL,
   DEPLOY_ID varchar2(64) DEFAULT NULL,
   SYSTEM_DESCRIBE varchar2(200) DEFAULT NULL,
   OPERATION decimal(22,0) DEFAULT NULL,
   ADMINISTRATOR varchar2(64) DEFAULT NULL,
   ENV_ID varchar2(64) DEFAULT NULL,
   SUPPORTER varchar2(100) DEFAULT NULL
);
CREATE TABLE DOP_SYSTEM_APP (
  ID varchar2(64) PRIMARY KEY NOT NULL,
  SYSTEM_ID varchar2(64) DEFAULT NULL,
  APP_ROUTE varchar2(200) DEFAULT NULL,
  APP_VERSION varchar2(50) DEFAULT NULL,
  STATUS decimal(22,0) DEFAULT NULL,
  APP_NAME varchar2(100) DEFAULT NULL
);
CREATE TABLE DOP_SYSTEM_USER (
  ID varchar2(64)  PRIMARY KEY NOT NULL,
  SYSTEM_ID varchar2(64) DEFAULT NULL,
  USER_ID varchar2(64) DEFAULT NULL
) ;
CREATE TABLE DOP_USER (
  USER_ID varchar2(64)  PRIMARY KEY NOT NULL,
  USER_NAME varchar2(32)  NOT NULL ,
  USER_PASS varchar2(255)  NOT NULL ,
  USER_MAIL varchar2(64)  DEFAULT NULL ,
  USER_PHONE varchar2(16)  DEFAULT NULL,
  USER_COMPANY varchar2(256)  DEFAULT NULL,
  USER_LEVEL decimal(22,0) DEFAULT NULL,
  USER_STATUS decimal(22,0) DEFAULT NULL,
  USER_LOGIN_STATUS varchar2(36) DEFAULT NULL ,
  USER_ROLEID varchar2(64) DEFAULT NULL,
  USER_CREATEDATE timestamp NOT NULL,
  USER_CREATOR varchar2(64) DEFAULT NULL
) ;
CREATE TABLE DOP_USER_ROLE (
  ID varchar(64)  PRIMARY KEY NOT NULL,
  USER_ID varchar(64) NOT NULL ,
  ROLE_ID varchar(64) NOT NULL
);
CREATE TABLE LOGS
(
   NODE_ID varchar2(64),
   DATED timestamp NOT NULL,
   LOGGER varchar2(256) NOT NULL,
   LOG_LEVEL varchar2(10) NOT NULL,
   MESSAGE varchar2(4000) NOT NULL
);
INSERT INTO "DOP_ACTION" (ACTION_ID,ACTION_NAME, ACTION_DESC,ACTION_RELATIVE_URL,ACTION_TYPE,ACTION_REMARKS,ACTION_PARENT_ID) VALUES ('1', '平台首页', '平台首页', '/index.html', '0', 'index', '0');
INSERT INTO "DOP_ACTION" (ACTION_ID,ACTION_NAME, ACTION_DESC,ACTION_RELATIVE_URL,ACTION_TYPE,ACTION_REMARKS,ACTION_PARENT_ID) VALUES ('2', '资源管理', '资源管理', null, '0', 'manage_resource', '0');
INSERT INTO "DOP_ACTION" (ACTION_ID,ACTION_NAME, ACTION_DESC,ACTION_RELATIVE_URL,ACTION_TYPE,ACTION_REMARKS,ACTION_PARENT_ID) VALUES ('21', '主机管理', '主机管理', '/host/index.html', '0', 'hostIndex', '2');
INSERT INTO "DOP_ACTION" (ACTION_ID,ACTION_NAME, ACTION_DESC,ACTION_RELATIVE_URL,ACTION_TYPE,ACTION_REMARKS,ACTION_PARENT_ID) VALUES ('211', '添加主机', '主机管理描述', '/host/create', '1', 'hostCreate', '21');
INSERT INTO "DOP_ACTION" (ACTION_ID,ACTION_NAME, ACTION_DESC,ACTION_RELATIVE_URL,ACTION_TYPE,ACTION_REMARKS,ACTION_PARENT_ID) VALUES ('2110', '重新测试主机连接', '重新测试主机连接', '/host/reTest', '1', 'hostRetest', '21');
INSERT INTO "DOP_ACTION" (ACTION_ID,ACTION_NAME, ACTION_DESC,ACTION_RELATIVE_URL,ACTION_TYPE,ACTION_REMARKS,ACTION_PARENT_ID) VALUES ('2111', '检查docker', '检查docker', '/host/dockerDaemon', '1', 'hostCheckDocker', '21');
INSERT INTO "DOP_ACTION" (ACTION_ID,ACTION_NAME, ACTION_DESC,ACTION_RELATIVE_URL,ACTION_TYPE,ACTION_REMARKS,ACTION_PARENT_ID) VALUES ('2112', '查询主机列表', '按条件查询主机列表', '/host/list', '1', 'hostSearchList', '21');
INSERT INTO "DOP_ACTION" (ACTION_ID,ACTION_NAME, ACTION_DESC,ACTION_RELATIVE_URL,ACTION_TYPE,ACTION_REMARKS,ACTION_PARENT_ID) VALUES ('212', '编辑主机', '修改主机描述', '/host/update', '1', 'hostUpdate', '21');
INSERT INTO "DOP_ACTION" (ACTION_ID,ACTION_NAME, ACTION_DESC,ACTION_RELATIVE_URL,ACTION_TYPE,ACTION_REMARKS,ACTION_PARENT_ID) VALUES ('213', '删除主机', '删除主机描述', '/host/delete', '1', 'hostDeleteOne', '21');
INSERT INTO "DOP_ACTION" (ACTION_ID,ACTION_NAME, ACTION_DESC,ACTION_RELATIVE_URL,ACTION_TYPE,ACTION_REMARKS,ACTION_PARENT_ID) VALUES ('214', '主机列表', '主机列表', '/host/list', '1', 'hostList', '21');
INSERT INTO "DOP_ACTION" (ACTION_ID,ACTION_NAME, ACTION_DESC,ACTION_RELATIVE_URL,ACTION_TYPE,ACTION_REMARKS,ACTION_PARENT_ID) VALUES ('215', '启动docker', '启动docker', 'host/dockerDaemon', '1', 'hostStartDocker', '21');
INSERT INTO "DOP_ACTION" (ACTION_ID,ACTION_NAME, ACTION_DESC,ACTION_RELATIVE_URL,ACTION_TYPE,ACTION_REMARKS,ACTION_PARENT_ID) VALUES ('216', '停止docker', '停止docker', '/host/dockerDaemon', '1', 'hostStopDocker', '21');
INSERT INTO "DOP_ACTION" (ACTION_ID,ACTION_NAME, ACTION_DESC,ACTION_RELATIVE_URL,ACTION_TYPE,ACTION_REMARKS,ACTION_PARENT_ID) VALUES ('217', '安装docker', '安装docker', '/host/dockerDaemon', '1', 'hostInstallDocker', '21');
INSERT INTO "DOP_ACTION" (ACTION_ID,ACTION_NAME, ACTION_DESC,ACTION_RELATIVE_URL,ACTION_TYPE,ACTION_REMARKS,ACTION_PARENT_ID) VALUES ('218', '主机监控', '主机监控视图', '/monitor/host/id.html', '1', 'monitorHost', '21');
INSERT INTO "DOP_ACTION" (ACTION_ID,ACTION_NAME, ACTION_DESC,ACTION_RELATIVE_URL,ACTION_TYPE,ACTION_REMARKS,ACTION_PARENT_ID) VALUES ('219', '查看主机详细信息', '查看主机详细信息', '/host/list', '1', 'hostDetail', '21');
INSERT INTO "DOP_ACTION" (ACTION_ID,ACTION_NAME, ACTION_DESC,ACTION_RELATIVE_URL,ACTION_TYPE,ACTION_REMARKS,ACTION_PARENT_ID) VALUES ('22', '集群管理', '集群管理', '/cluster/index.html', '0', 'clusterIndex', '2');
INSERT INTO "DOP_ACTION" (ACTION_ID,ACTION_NAME, ACTION_DESC,ACTION_RELATIVE_URL,ACTION_TYPE,ACTION_REMARKS,ACTION_PARENT_ID) VALUES ('221', '创建集群', '添加集群描述', '/cluster/create', '1', 'clusterCreate', '22');
INSERT INTO "DOP_ACTION" (ACTION_ID,ACTION_NAME, ACTION_DESC,ACTION_RELATIVE_URL,ACTION_TYPE,ACTION_REMARKS,ACTION_PARENT_ID) VALUES ('222', '编辑集群', '编辑集群', '/cluster/update', '1', 'clusterUpdate', '22');
INSERT INTO "DOP_ACTION" (ACTION_ID,ACTION_NAME, ACTION_DESC,ACTION_RELATIVE_URL,ACTION_TYPE,ACTION_REMARKS,ACTION_PARENT_ID) VALUES ('223', '删除集群', '删除集群', '/cluster/delete', '1', 'clusterDelete', '22');
INSERT INTO "DOP_ACTION" (ACTION_ID,ACTION_NAME, ACTION_DESC,ACTION_RELATIVE_URL,ACTION_TYPE,ACTION_REMARKS,ACTION_PARENT_ID) VALUES ('224', '集群添加主机', '集群添加主机', '/cluster/addHost', '1', 'clusterAddHost', '22');
INSERT INTO "DOP_ACTION" (ACTION_ID,ACTION_NAME, ACTION_DESC,ACTION_RELATIVE_URL,ACTION_TYPE,ACTION_REMARKS,ACTION_PARENT_ID) VALUES ('225', '解绑主机', '解绑主机', '/cluster/removeHost', '1', 'clusterRemoveHost', '22');
INSERT INTO "DOP_ACTION" (ACTION_ID,ACTION_NAME, ACTION_DESC,ACTION_RELATIVE_URL,ACTION_TYPE,ACTION_REMARKS,ACTION_PARENT_ID) VALUES ('226', '迁移', '集群主机迁移', '/host/freeHostList', '1', 'hostFreeHostList', '22');
INSERT INTO "DOP_ACTION" (ACTION_ID,ACTION_NAME, ACTION_DESC,ACTION_RELATIVE_URL,ACTION_TYPE,ACTION_REMARKS,ACTION_PARENT_ID) VALUES ('227', '集群列表', '集群列表', '/cluster/list', '1', 'clusterList', '22');
INSERT INTO "DOP_ACTION" (ACTION_ID,ACTION_NAME, ACTION_DESC,ACTION_RELATIVE_URL,ACTION_TYPE,ACTION_REMARKS,ACTION_PARENT_ID) VALUES ('228', '查询集群', '查询集群列表', '/cluster/list', '1', 'clusterSearchList', '22');
INSERT INTO "DOP_ACTION" (ACTION_ID,ACTION_NAME, ACTION_DESC,ACTION_RELATIVE_URL,ACTION_TYPE,ACTION_REMARKS,ACTION_PARENT_ID) VALUES ('23', '仓库管理', '仓库管理', '/registry/index.html', '0', 'registryIndex', '2');
INSERT INTO "DOP_ACTION" (ACTION_ID,ACTION_NAME, ACTION_DESC,ACTION_RELATIVE_URL,ACTION_TYPE,ACTION_REMARKS,ACTION_PARENT_ID) VALUES ('231', '创建仓库', '创建仓库', '/registry/create', '1', 'registryCreate', '23');
INSERT INTO "DOP_ACTION" (ACTION_ID,ACTION_NAME, ACTION_DESC,ACTION_RELATIVE_URL,ACTION_TYPE,ACTION_REMARKS,ACTION_PARENT_ID) VALUES ('232', '编辑仓库', '编辑仓库', '/registry/update', '1', 'registryUpdate', '23');
INSERT INTO "DOP_ACTION" (ACTION_ID,ACTION_NAME, ACTION_DESC,ACTION_RELATIVE_URL,ACTION_TYPE,ACTION_REMARKS,ACTION_PARENT_ID) VALUES ('233', '仓库列表', '仓库列表', '/registry/list', '1', 'registryList', '23');
INSERT INTO "DOP_ACTION" (ACTION_ID,ACTION_NAME, ACTION_DESC,ACTION_RELATIVE_URL,ACTION_TYPE,ACTION_REMARKS,ACTION_PARENT_ID) VALUES ('234', '删除仓库', '删除仓库', '/registry/delete', '1', 'registryDeleteOne', '23');
INSERT INTO "DOP_ACTION" (ACTION_ID,ACTION_NAME, ACTION_DESC,ACTION_RELATIVE_URL,ACTION_TYPE,ACTION_REMARKS,ACTION_PARENT_ID) VALUES ('235', '所含镜像', '查看仓库中镜像信息', '/registry/images.html', '1', 'registryImages', '23');
INSERT INTO "DOP_ACTION" (ACTION_ID,ACTION_NAME, ACTION_DESC,ACTION_RELATIVE_URL,ACTION_TYPE,ACTION_REMARKS,ACTION_PARENT_ID) VALUES ('236', '查询仓库', '查询仓库列表', '/registry/listLb', '1', 'registrySearchListLb', '23');
INSERT INTO "DOP_ACTION" (ACTION_ID,ACTION_NAME, ACTION_DESC,ACTION_RELATIVE_URL,ACTION_TYPE,ACTION_REMARKS,ACTION_PARENT_ID) VALUES ('24', '镜像管理', '镜像管理', '/image/index.html', '0', 'imageIndex', '2');
INSERT INTO "DOP_ACTION" (ACTION_ID,ACTION_NAME, ACTION_DESC,ACTION_RELATIVE_URL,ACTION_TYPE,ACTION_REMARKS,ACTION_PARENT_ID) VALUES ('241', '镜像列表', '镜像列表', '/image/list', '1', 'imageList', '24');
INSERT INTO "DOP_ACTION" (ACTION_ID,ACTION_NAME, ACTION_DESC,ACTION_RELATIVE_URL,ACTION_TYPE,ACTION_REMARKS,ACTION_PARENT_ID) VALUES ('243', '批量删除', '批量删除', '/image/remove/batch', '1', 'imageRemove', '24');
INSERT INTO "DOP_ACTION" (ACTION_ID,ACTION_NAME, ACTION_DESC,ACTION_RELATIVE_URL,ACTION_TYPE,ACTION_REMARKS,ACTION_PARENT_ID) VALUES ('244', '发布镜像', '发布镜像', '/image/fastpush', '1', 'imagFastpush', '24');
INSERT INTO "DOP_ACTION" (ACTION_ID,ACTION_NAME, ACTION_DESC,ACTION_RELATIVE_URL,ACTION_TYPE,ACTION_REMARKS,ACTION_PARENT_ID) VALUES ('245', '删除镜像', '删除镜像', '/image/remove', '1', 'imageRemove', '24');
INSERT INTO "DOP_ACTION" (ACTION_ID,ACTION_NAME, ACTION_DESC,ACTION_RELATIVE_URL,ACTION_TYPE,ACTION_REMARKS,ACTION_PARENT_ID) VALUES ('246', '查询镜像', '查询镜像列表', '/image/list', '1', 'imageSearchList', '24');
INSERT INTO "DOP_ACTION" (ACTION_ID,ACTION_NAME, ACTION_DESC,ACTION_RELATIVE_URL,ACTION_TYPE,ACTION_REMARKS,ACTION_PARENT_ID) VALUES ('247', '容器列表', '包含容器列表', '/image/conlist', '1', 'imageConlist', '24');
INSERT INTO "DOP_ACTION" (ACTION_ID,ACTION_NAME, ACTION_DESC,ACTION_RELATIVE_URL,ACTION_TYPE,ACTION_REMARKS,ACTION_PARENT_ID) VALUES ('25', '容器管理', '容器管理', '/container/index.html', '0', 'containerIndex', '2');
INSERT INTO "DOP_ACTION" (ACTION_ID,ACTION_NAME, ACTION_DESC,ACTION_RELATIVE_URL,ACTION_TYPE,ACTION_REMARKS,ACTION_PARENT_ID) VALUES ('251', '创建容器', '创建容器', '/container/create', '1', 'containerCreate', '25');
INSERT INTO "DOP_ACTION" (ACTION_ID,ACTION_NAME, ACTION_DESC,ACTION_RELATIVE_URL,ACTION_TYPE,ACTION_REMARKS,ACTION_PARENT_ID) VALUES ('252', '启动容器', '启动容器', '/container/start', '1', 'containerStart', '25');
INSERT INTO "DOP_ACTION" (ACTION_ID,ACTION_NAME, ACTION_DESC,ACTION_RELATIVE_URL,ACTION_TYPE,ACTION_REMARKS,ACTION_PARENT_ID) VALUES ('253', '停止容器', '停止容器', '/container/stop', '1', 'containerStop', '25');
INSERT INTO "DOP_ACTION" (ACTION_ID,ACTION_NAME, ACTION_DESC,ACTION_RELATIVE_URL,ACTION_TYPE,ACTION_REMARKS,ACTION_PARENT_ID) VALUES ('254', '删除容器', '删除容器', '/container/trash', '1', 'containerTrash', '25');
INSERT INTO "DOP_ACTION" (ACTION_ID,ACTION_NAME, ACTION_DESC,ACTION_RELATIVE_URL,ACTION_TYPE,ACTION_REMARKS,ACTION_PARENT_ID) VALUES ('255', '容器列表', '容器列表', '/container/list', '1', 'containerList', '25');
INSERT INTO "DOP_ACTION" (ACTION_ID,ACTION_NAME, ACTION_DESC,ACTION_RELATIVE_URL,ACTION_TYPE,ACTION_REMARKS,ACTION_PARENT_ID) VALUES ('256', '查询应用容器', '查询应用容器列表', '/container/list', '1', 'containerSearchList', '25');
INSERT INTO "DOP_ACTION" (ACTION_ID,ACTION_NAME, ACTION_DESC,ACTION_RELATIVE_URL,ACTION_TYPE,ACTION_REMARKS,ACTION_PARENT_ID) VALUES ('257', '下载应用日志', '下载应用日志', '/container/loadLogs', '1', 'containerLoadLogs', '25');
INSERT INTO "DOP_ACTION" (ACTION_ID,ACTION_NAME, ACTION_DESC,ACTION_RELATIVE_URL,ACTION_TYPE,ACTION_REMARKS,ACTION_PARENT_ID) VALUES ('258', '容器监控', '容器监控', '/monitor/container/id.html', '1', 'monitorContainer', '25');
INSERT INTO "DOP_ACTION" (ACTION_ID,ACTION_NAME, ACTION_DESC,ACTION_RELATIVE_URL,ACTION_TYPE,ACTION_REMARKS,ACTION_PARENT_ID) VALUES ('26', '组件管理', '组件管理', '/component/index.html', '0', 'componentIndex', '2');
INSERT INTO "DOP_ACTION" (ACTION_ID,ACTION_NAME, ACTION_DESC,ACTION_RELATIVE_URL,ACTION_TYPE,ACTION_REMARKS,ACTION_PARENT_ID) VALUES ('261', '组件列表', '组件列表', '/component/list', '1', 'componentList', '26');
INSERT INTO "DOP_ACTION" (ACTION_ID,ACTION_NAME, ACTION_DESC,ACTION_RELATIVE_URL,ACTION_TYPE,ACTION_REMARKS,ACTION_PARENT_ID) VALUES ('262', '新增组件', '新增组件', '/component/create', '1', 'componentCreate', '26');
INSERT INTO "DOP_ACTION" (ACTION_ID,ACTION_NAME, ACTION_DESC,ACTION_RELATIVE_URL,ACTION_TYPE,ACTION_REMARKS,ACTION_PARENT_ID) VALUES ('263', '编辑组件', '编辑组件', '/component/update', '1', 'componentUpdate', '26');
INSERT INTO "DOP_ACTION" (ACTION_ID,ACTION_NAME, ACTION_DESC,ACTION_RELATIVE_URL,ACTION_TYPE,ACTION_REMARKS,ACTION_PARENT_ID) VALUES ('264', '删除组件', '删除组件', '/component/deletes', '1', 'componentDeletes', '26');
INSERT INTO "DOP_ACTION" (ACTION_ID,ACTION_NAME, ACTION_DESC,ACTION_RELATIVE_URL,ACTION_TYPE,ACTION_REMARKS,ACTION_PARENT_ID) VALUES ('265', '关联物理系统', '关联物理系统', '/component/getSystem', '1', 'componentGetSystem', '26');
INSERT INTO "DOP_ACTION" (ACTION_ID,ACTION_NAME, ACTION_DESC,ACTION_RELATIVE_URL,ACTION_TYPE,ACTION_REMARKS,ACTION_PARENT_ID) VALUES ('266', '测试组件', '组件可达性测试', '/component/connectTest', '1', 'componentConnectTest', '26');
INSERT INTO "DOP_ACTION" (ACTION_ID,ACTION_NAME, ACTION_DESC,ACTION_RELATIVE_URL,ACTION_TYPE,ACTION_REMARKS,ACTION_PARENT_ID) VALUES ('267', '查询组件', '查询组件列表', '/component/list', '1', 'componentSearchList', '26');
INSERT INTO "DOP_ACTION" (ACTION_ID,ACTION_NAME, ACTION_DESC,ACTION_RELATIVE_URL,ACTION_TYPE,ACTION_REMARKS,ACTION_PARENT_ID) VALUES ('27', '预加载包管理', '预加载包管理', '/library/index.html', '0', 'libraryIndex', '2');
INSERT INTO "DOP_ACTION" (ACTION_ID,ACTION_NAME, ACTION_DESC,ACTION_RELATIVE_URL,ACTION_TYPE,ACTION_REMARKS,ACTION_PARENT_ID) VALUES ('28', '机房管理', '机房管理', '/serverRoom/index.html', '0', 'serverRoomIndex', '2');
INSERT INTO "DOP_ACTION" (ACTION_ID,ACTION_NAME, ACTION_DESC,ACTION_RELATIVE_URL,ACTION_TYPE,ACTION_REMARKS,ACTION_PARENT_ID) VALUES ('29', '主机组件管理', '主机组件管理', '/hostComponent/index.html', '0', 'hostComponentIndex', '2');
INSERT INTO "DOP_ACTION" (ACTION_ID,ACTION_NAME, ACTION_DESC,ACTION_RELATIVE_URL,ACTION_TYPE,ACTION_REMARKS,ACTION_PARENT_ID) VALUES ('3', '系统管理', '系统管理', null, '0', 'manage_businessSystem', '0');
INSERT INTO "DOP_ACTION" (ACTION_ID,ACTION_NAME, ACTION_DESC,ACTION_RELATIVE_URL,ACTION_TYPE,ACTION_REMARKS,ACTION_PARENT_ID) VALUES ('31', '业务系统', '业务系统', '/business/index.html', '0', 'businessIndex', '3');
INSERT INTO "DOP_ACTION" (ACTION_ID,ACTION_NAME, ACTION_DESC,ACTION_RELATIVE_URL,ACTION_TYPE,ACTION_REMARKS,ACTION_PARENT_ID) VALUES ('311', '业务列表', '业务名称列表', '/business/listAll', '1', 'businessListAll', '31');
INSERT INTO "DOP_ACTION" (ACTION_ID,ACTION_NAME, ACTION_DESC,ACTION_RELATIVE_URL,ACTION_TYPE,ACTION_REMARKS,ACTION_PARENT_ID) VALUES ('312', '下属物理系统', '下属物理系统', '/system/getListByBusinessId', '1', 'systemGetListByBusiness', '31');
INSERT INTO "DOP_ACTION" (ACTION_ID,ACTION_NAME, ACTION_DESC,ACTION_RELATIVE_URL,ACTION_TYPE,ACTION_REMARKS,ACTION_PARENT_ID) VALUES ('313', '查看拓扑', '查看拓扑', '/topology/viewTopologys', '1', 'topologyViewTopologys', '31');
INSERT INTO "DOP_ACTION" (ACTION_ID,ACTION_NAME, ACTION_DESC,ACTION_RELATIVE_URL,ACTION_TYPE,ACTION_REMARKS,ACTION_PARENT_ID) VALUES ('314', '查询业务', '查询业务列表', '/business/listAll', '1', 'businessSearchListAll', '31');
INSERT INTO "DOP_ACTION" (ACTION_ID,ACTION_NAME, ACTION_DESC,ACTION_RELATIVE_URL,ACTION_TYPE,ACTION_REMARKS,ACTION_PARENT_ID) VALUES ('315', '同步', '同步业务系统', '/business/loadBusiness', '1', 'businessLoadBusiness', '31');
INSERT INTO "DOP_ACTION" (ACTION_ID,ACTION_NAME, ACTION_DESC,ACTION_RELATIVE_URL,ACTION_TYPE,ACTION_REMARKS,ACTION_PARENT_ID) VALUES ('32', '物理系统', '物理系统', '/system/index.html', '0', 'systemIndex', '3');
INSERT INTO "DOP_ACTION" (ACTION_ID,ACTION_NAME, ACTION_DESC,ACTION_RELATIVE_URL,ACTION_TYPE,ACTION_REMARKS,ACTION_PARENT_ID) VALUES ('321', '新增系统', '新增物理系统', '/system/create', '1', 'systemCreate', '32');
INSERT INTO "DOP_ACTION" (ACTION_ID,ACTION_NAME, ACTION_DESC,ACTION_RELATIVE_URL,ACTION_TYPE,ACTION_REMARKS,ACTION_PARENT_ID) VALUES ('322', '物理系统列表', '物理系统列表', '/system/listWithIP', '1', 'systemListWithIP', '32');
INSERT INTO "DOP_ACTION" (ACTION_ID,ACTION_NAME, ACTION_DESC,ACTION_RELATIVE_URL,ACTION_TYPE,ACTION_REMARKS,ACTION_PARENT_ID) VALUES ('323', '弹性伸缩状态设置', '弹性伸缩状态设置', '/elasticStrategy/create', '1', 'elasticStrategyCreate', '32');
INSERT INTO "DOP_ACTION" (ACTION_ID,ACTION_NAME, ACTION_DESC,ACTION_RELATIVE_URL,ACTION_TYPE,ACTION_REMARKS,ACTION_PARENT_ID) VALUES ('324', '基本部署', '基本部署', '/system/deploy', '1', 'systemDeploy', '32');
INSERT INTO "DOP_ACTION" (ACTION_ID,ACTION_NAME, ACTION_DESC,ACTION_RELATIVE_URL,ACTION_TYPE,ACTION_REMARKS,ACTION_PARENT_ID) VALUES ('325', '编排部署', '编排部署', '/system/arrangement', '1', 'systemArrangement', '32');
INSERT INTO "DOP_ACTION" (ACTION_ID,ACTION_NAME, ACTION_DESC,ACTION_RELATIVE_URL,ACTION_TYPE,ACTION_REMARKS,ACTION_PARENT_ID) VALUES ('326', '监控查看', '监控查看', '/system/getVisitUrl', '1', 'systemGetVisitUrl', '32');
INSERT INTO "DOP_ACTION" (ACTION_ID,ACTION_NAME, ACTION_DESC,ACTION_RELATIVE_URL,ACTION_TYPE,ACTION_REMARKS,ACTION_PARENT_ID) VALUES ('3261', '新增容器', '新增容器', '/topology/createConByDeployId', '1', 'topologyCreateCon', '326');
INSERT INTO "DOP_ACTION" (ACTION_ID,ACTION_NAME, ACTION_DESC,ACTION_RELATIVE_URL,ACTION_TYPE,ACTION_REMARKS,ACTION_PARENT_ID) VALUES ('3262', '访问', '访问', '/system/getVisitUrl', '1', 'systemVisitFun', '326');
INSERT INTO "DOP_ACTION" (ACTION_ID,ACTION_NAME, ACTION_DESC,ACTION_RELATIVE_URL,ACTION_TYPE,ACTION_REMARKS,ACTION_PARENT_ID) VALUES ('3263', '日志', '下载日志', '/container/loadLogs', '1', 'containerLoadLogs', '326');
INSERT INTO "DOP_ACTION" (ACTION_ID,ACTION_NAME, ACTION_DESC,ACTION_RELATIVE_URL,ACTION_TYPE,ACTION_REMARKS,ACTION_PARENT_ID) VALUES ('3264', '删除', '删除容器', '/topology/stopAndRemoveCon', '1', 'topologyStopAndRemoveCon', '326');
INSERT INTO "DOP_ACTION" (ACTION_ID,ACTION_NAME, ACTION_DESC,ACTION_RELATIVE_URL,ACTION_TYPE,ACTION_REMARKS,ACTION_PARENT_ID) VALUES ('327', '部署历史', '部署历史', 'system/deployHistory.html', '1', 'systemDeployHistory', '32');
INSERT INTO "DOP_ACTION" (ACTION_ID,ACTION_NAME, ACTION_DESC,ACTION_RELATIVE_URL,ACTION_TYPE,ACTION_REMARKS,ACTION_PARENT_ID) VALUES ('3271', '下线', '下线', '/system/killVersion', '1', 'systemKillVersion', '32');
INSERT INTO "DOP_ACTION" (ACTION_ID,ACTION_NAME, ACTION_DESC,ACTION_RELATIVE_URL,ACTION_TYPE,ACTION_REMARKS,ACTION_PARENT_ID) VALUES ('328', '查询物理系统', '查询物理系统列表', '/system/listWithIP', '1', 'systemSearchListWithIP', '32');
INSERT INTO "DOP_ACTION" (ACTION_ID,ACTION_NAME, ACTION_DESC,ACTION_RELATIVE_URL,ACTION_TYPE,ACTION_REMARKS,ACTION_PARENT_ID) VALUES ('4', '日志管理', '日志管理', null, '0', 'manage_log', '0');
INSERT INTO "DOP_ACTION" (ACTION_ID,ACTION_NAME, ACTION_DESC,ACTION_RELATIVE_URL,ACTION_TYPE,ACTION_REMARKS,ACTION_PARENT_ID) VALUES ('41', '访问日志', '访问日志', '/log/index.html', '0', 'logIndex', '4');
INSERT INTO "DOP_ACTION" (ACTION_ID,ACTION_NAME, ACTION_DESC,ACTION_RELATIVE_URL,ACTION_TYPE,ACTION_REMARKS,ACTION_PARENT_ID) VALUES ('411', '访问日志列表', '访问日志列表', '/log/list', '1', 'logList', '41');
INSERT INTO "DOP_ACTION" (ACTION_ID,ACTION_NAME, ACTION_DESC,ACTION_RELATIVE_URL,ACTION_TYPE,ACTION_REMARKS,ACTION_PARENT_ID) VALUES ('412', '查询访问日志', '查询访问日志列表', '/log/list', '1', 'logSearchList', '41');
INSERT INTO "DOP_ACTION" (ACTION_ID,ACTION_NAME, ACTION_DESC,ACTION_RELATIVE_URL,ACTION_TYPE,ACTION_REMARKS,ACTION_PARENT_ID) VALUES ('42', '运行日志', '运行日志', '/logs/index.html', '0', 'logsIndex', '4');
INSERT INTO "DOP_ACTION" (ACTION_ID,ACTION_NAME, ACTION_DESC,ACTION_RELATIVE_URL,ACTION_TYPE,ACTION_REMARKS,ACTION_PARENT_ID) VALUES ('421', '运行日志列表', '运行日志列表', '/log/runLogslist', '1', 'logRunLogsList', '42');
INSERT INTO "DOP_ACTION" (ACTION_ID,ACTION_NAME, ACTION_DESC,ACTION_RELATIVE_URL,ACTION_TYPE,ACTION_REMARKS,ACTION_PARENT_ID) VALUES ('422', '查询运行日志', '查询运行日志列表', '/log/runLogslist', '1', 'logSearchRunLogsList', '42');
INSERT INTO "DOP_ACTION" (ACTION_ID,ACTION_NAME, ACTION_DESC,ACTION_RELATIVE_URL,ACTION_TYPE,ACTION_REMARKS,ACTION_PARENT_ID) VALUES ('6', '权限管理', '权限管理xxx', null, '0', 'manage_auth', '0');
INSERT INTO "DOP_ACTION" (ACTION_ID,ACTION_NAME, ACTION_DESC,ACTION_RELATIVE_URL,ACTION_TYPE,ACTION_REMARKS,ACTION_PARENT_ID) VALUES ('61', '用户管理', '用户管理描述', '/user/index.html', '0', 'userIndex', '6');
INSERT INTO "DOP_ACTION" (ACTION_ID,ACTION_NAME, ACTION_DESC,ACTION_RELATIVE_URL,ACTION_TYPE,ACTION_REMARKS,ACTION_PARENT_ID) VALUES ('611', '创建用户', '创建用户', '/user/create', '1', 'userCreate', '61');
INSERT INTO "DOP_ACTION" (ACTION_ID,ACTION_NAME, ACTION_DESC,ACTION_RELATIVE_URL,ACTION_TYPE,ACTION_REMARKS,ACTION_PARENT_ID) VALUES ('612', '编辑用户', '编辑用户', '/user/update', '1', 'userUpdate', '61');
INSERT INTO "DOP_ACTION" (ACTION_ID,ACTION_NAME, ACTION_DESC,ACTION_RELATIVE_URL,ACTION_TYPE,ACTION_REMARKS,ACTION_PARENT_ID) VALUES ('613', '冻结用户', '冻结用户', '/user/delete', '1', 'userDelete', '61');
INSERT INTO "DOP_ACTION" (ACTION_ID,ACTION_NAME, ACTION_DESC,ACTION_RELATIVE_URL,ACTION_TYPE,ACTION_REMARKS,ACTION_PARENT_ID) VALUES ('614', '用户列表', '用户列表', '/user/all', '1', 'userList', '61');
INSERT INTO "DOP_ACTION" (ACTION_ID,ACTION_NAME, ACTION_DESC,ACTION_RELATIVE_URL,ACTION_TYPE,ACTION_REMARKS,ACTION_PARENT_ID) VALUES ('615', '用户授权', '用户添加角色', '/user/authToUser', '1', 'userAddRole', '61');
INSERT INTO "DOP_ACTION" (ACTION_ID,ACTION_NAME, ACTION_DESC,ACTION_RELATIVE_URL,ACTION_TYPE,ACTION_REMARKS,ACTION_PARENT_ID) VALUES ('616', '激活用户', '激活用户', '/user/active', '1', 'activeUser', '61');
INSERT INTO "DOP_ACTION" (ACTION_ID,ACTION_NAME, ACTION_DESC,ACTION_RELATIVE_URL,ACTION_TYPE,ACTION_REMARKS,ACTION_PARENT_ID) VALUES ('617', '查询用户', '查询用户列表', '/user/all', '1', 'userSearchAll', '61');
INSERT INTO "DOP_ACTION" (ACTION_ID,ACTION_NAME, ACTION_DESC,ACTION_RELATIVE_URL,ACTION_TYPE,ACTION_REMARKS,ACTION_PARENT_ID) VALUES ('62', '角色管理', '角色管理描述', '/role/index.html', '0', 'roleIndex', '6');
INSERT INTO "DOP_ACTION" (ACTION_ID,ACTION_NAME, ACTION_DESC,ACTION_RELATIVE_URL,ACTION_TYPE,ACTION_REMARKS,ACTION_PARENT_ID) VALUES ('621', '角色授予权限', '角色授予权限', '/role/authToRole', '1', 'roleAuth', '62');
INSERT INTO "DOP_ACTION" (ACTION_ID,ACTION_NAME, ACTION_DESC,ACTION_RELATIVE_URL,ACTION_TYPE,ACTION_REMARKS,ACTION_PARENT_ID) VALUES ('622', '编辑角色', '编辑角色', '/role/update', '1', 'roleUpdate', '62');
INSERT INTO "DOP_ACTION" (ACTION_ID,ACTION_NAME, ACTION_DESC,ACTION_RELATIVE_URL,ACTION_TYPE,ACTION_REMARKS,ACTION_PARENT_ID) VALUES ('623', '角色列表', '角色列表', '/role/all', '1', 'roleList', '62');
INSERT INTO "DOP_ACTION" (ACTION_ID,ACTION_NAME, ACTION_DESC,ACTION_RELATIVE_URL,ACTION_TYPE,ACTION_REMARKS,ACTION_PARENT_ID) VALUES ('624', '查询角色', '查询角色', '/role/all', '1', 'roleSearchAll', '62');
INSERT INTO "DOP_ACTION" (ACTION_ID,ACTION_NAME, ACTION_DESC,ACTION_RELATIVE_URL,ACTION_TYPE,ACTION_REMARKS,ACTION_PARENT_ID) VALUES ('625', '角色名链接', '角色名链接', '/role/detail', '1', 'roleDetail', '62');
INSERT INTO "DOP_ACTION" (ACTION_ID,ACTION_NAME, ACTION_DESC,ACTION_RELATIVE_URL,ACTION_TYPE,ACTION_REMARKS,ACTION_PARENT_ID) VALUES ('63', '权限管理', '权限管理描述', '/auth/index.html', '0', 'authIndex', '6');
INSERT INTO "DOP_ACTION" (ACTION_ID,ACTION_NAME, ACTION_DESC,ACTION_RELATIVE_URL,ACTION_TYPE,ACTION_REMARKS,ACTION_PARENT_ID) VALUES ('631', '编辑权限', '修改权限', '/auth/update', '1', 'authUpdate', '63');
INSERT INTO "DOP_ACTION" (ACTION_ID,ACTION_NAME, ACTION_DESC,ACTION_RELATIVE_URL,ACTION_TYPE,ACTION_REMARKS,ACTION_PARENT_ID) VALUES ('632', '权限列表', '权限列表', '/auth/all', '1', 'authList', '63');
INSERT INTO "DOP_ACTION" (ACTION_ID,ACTION_NAME, ACTION_DESC,ACTION_RELATIVE_URL,ACTION_TYPE,ACTION_REMARKS,ACTION_PARENT_ID) VALUES ('633', '查询权限', '查询权限列表', '/auth/all', '1', 'authSearchAll', '63');
INSERT INTO "DOP_COMP_TYPE" (COMPONENT_TYPE_ID,COMPONENT_TYPE_NAME) VALUES ('1', 'Nginx');
INSERT INTO "DOP_COMP_TYPE" (COMPONENT_TYPE_ID,COMPONENT_TYPE_NAME) VALUES ('2', 'F5');
INSERT INTO "DOP_COMP_TYPE" (COMPONENT_TYPE_ID,COMPONENT_TYPE_NAME) VALUES ('3', 'DB');
INSERT INTO "DOP_COMP_TYPE" (COMPONENT_TYPE_ID,COMPONENT_TYPE_NAME) VALUES ('4', '反向通道');
INSERT INTO "DOP_COMP_TYPE" (COMPONENT_TYPE_ID,COMPONENT_TYPE_NAME) VALUES ('5', 'DNS');
INSERT INTO "DOP_COMP_TYPE" (COMPONENT_TYPE_ID,COMPONENT_TYPE_NAME) VALUES ('6', 'Nginx组');
INSERT INTO "DOP_DICTIONARY" (ID,DKEY,DVALUE,TYPE,STATUS,DESCR) VALUES ('1', 'log', '日志', '0', '1', null);
INSERT INTO "DOP_DICTIONARY" (ID,DKEY,DVALUE,TYPE,STATUS,DESCR) VALUES ('10', 'componentType', '组件类型', '0', '1', null);
INSERT INTO "DOP_DICTIONARY" (ID,DKEY,DVALUE,TYPE,STATUS,DESCR) VALUES ('100', '/registry/update', '更新仓库信息', '0', '1', null);
INSERT INTO "DOP_DICTIONARY" (ID,DKEY,DVALUE,TYPE,STATUS,DESCR) VALUES ('103', '/registry/delete', '删除仓库', '0', '1', null);
INSERT INTO "DOP_DICTIONARY" (ID,DKEY,DVALUE,TYPE,STATUS,DESCR) VALUES ('105', '/registry/syncRegiImgInfo', '同步数据库与实际注册服务器之间的镜像', '0', '1', null);
INSERT INTO "DOP_DICTIONARY" (ID,DKEY,DVALUE,TYPE,STATUS,DESCR) VALUES ('106', '/registry/select', '增加处理查询仓库中包含的镜像列表内容', '0', '1', null);
INSERT INTO "DOP_DICTIONARY" (ID,DKEY,DVALUE,TYPE,STATUS,DESCR) VALUES ('107', '/registry/sync/batch', '同时同步多个仓库中包含的镜像', '0', '1', null);
INSERT INTO "DOP_DICTIONARY" (ID,DKEY,DVALUE,TYPE,STATUS,DESCR) VALUES ('108', '/registry/remove/batch', '批量删除仓库', '0', '1', null);
INSERT INTO "DOP_DICTIONARY" (ID,DKEY,DVALUE,TYPE,STATUS,DESCR) VALUES ('11', 'system', '物理系统', '0', '1', null);
INSERT INTO "DOP_DICTIONARY" (ID,DKEY,DVALUE,TYPE,STATUS,DESCR) VALUES ('110', '/system/create', '添加物理系统', '0', '1', null);
INSERT INTO "DOP_DICTIONARY" (ID,DKEY,DVALUE,TYPE,STATUS,DESCR) VALUES ('115', '/system/topologyChange', '修改拓扑图结构', '0', '1', null);
INSERT INTO "DOP_DICTIONARY" (ID,DKEY,DVALUE,TYPE,STATUS,DESCR) VALUES ('117', '/system/rollBackImage', '系统版本回滚', '0', '1', null);
INSERT INTO "DOP_DICTIONARY" (ID,DKEY,DVALUE,TYPE,STATUS,DESCR) VALUES ('118', '/system/deleteVersion', '删除系统版本信息', '0', '1', null);
INSERT INTO "DOP_DICTIONARY" (ID,DKEY,DVALUE,TYPE,STATUS,DESCR) VALUES ('119', '/system/killVersion', '版本下线', '0', '1', null);
INSERT INTO "DOP_DICTIONARY" (ID,DKEY,DVALUE,TYPE,STATUS,DESCR) VALUES ('12', 'index.html', '登录', '0', '1', null);
INSERT INTO "DOP_DICTIONARY" (ID,DKEY,DVALUE,TYPE,STATUS,DESCR) VALUES ('121', '/system/deploy', '物理系统新增部署版本', '0', '1', null);
INSERT INTO "DOP_DICTIONARY" (ID,DKEY,DVALUE,TYPE,STATUS,DESCR) VALUES ('13', '200', 'Success', '0', '1', null);
INSERT INTO "DOP_DICTIONARY" (ID,DKEY,DVALUE,TYPE,STATUS,DESCR) VALUES ('14', '404', 'Not Found', '0', '1', null);
INSERT INTO "DOP_DICTIONARY" (ID,DKEY,DVALUE,TYPE,STATUS,DESCR) VALUES ('143', 'mysql', 'mysql-connector-java-5.0.2-beta-bin.jar', '1', '1', null);
INSERT INTO "DOP_DICTIONARY" (ID,DKEY,DVALUE,TYPE,STATUS,DESCR) VALUES ('144', 'oracle', 'ojdbc14.jar', '1', '1', null);
INSERT INTO "DOP_DICTIONARY" (ID,DKEY,DVALUE,TYPE,STATUS,DESCR) VALUES ('145', 'db2', 'weblogic.jdbcx.db2.DB2DataSource', '1', '1', null);
INSERT INTO "DOP_DICTIONARY" (ID,DKEY,DVALUE,TYPE,STATUS,DESCR) VALUES ('15', 'physical', '物理系统', '0', '1', null);
INSERT INTO "DOP_DICTIONARY" (ID,DKEY,DVALUE,TYPE,STATUS,DESCR) VALUES ('152', '/elasticStrategy/create', '设置弹性伸缩策略', '0', '1', null);
INSERT INTO "DOP_DICTIONARY" (ID,DKEY,DVALUE,TYPE,STATUS,DESCR) VALUES ('155', '/topology/createConByDeployId', '依赖镜像批量启动容器', '0', '1', null);
INSERT INTO "DOP_DICTIONARY" (ID,DKEY,DVALUE,TYPE,STATUS,DESCR) VALUES ('156', '/topology/stopAndRemoveCon', '批量停止、删除容器', '0', '1', null);
INSERT INTO "DOP_DICTIONARY" (ID,DKEY,DVALUE,TYPE,STATUS,DESCR) VALUES ('158', '/cluster/migrate', '集群迁移', '0', '1', null);
INSERT INTO "DOP_DICTIONARY" (ID,DKEY,DVALUE,TYPE,STATUS,DESCR) VALUES ('159', '/cluster/recovery', '集群恢复', '0', '1', null);
INSERT INTO "DOP_DICTIONARY" (ID,DKEY,DVALUE,TYPE,STATUS,DESCR) VALUES ('16', '/application/create', '添加应用', '0', '1', null);
INSERT INTO "DOP_DICTIONARY" (ID,DKEY,DVALUE,TYPE,STATUS,DESCR) VALUES ('160', '/cluster/isolate', '集群隔离', '0', '1', null);
INSERT INTO "DOP_DICTIONARY" (ID,DKEY,DVALUE,TYPE,STATUS,DESCR) VALUES ('163', '/container/stopAndRemoveCon ', '批量停止、删除容器', '0', '1', null);
INSERT INTO "DOP_DICTIONARY" (ID,DKEY,DVALUE,TYPE,STATUS,DESCR) VALUES ('164', '/container/createConBySystemId', '依赖镜像批量启动容器', '0', '1', null);
INSERT INTO "DOP_DICTIONARY" (ID,DKEY,DVALUE,TYPE,STATUS,DESCR) VALUES ('166', '/container/clear', '清除主机容器', '0', '1', null);
INSERT INTO "DOP_DICTIONARY" (ID,DKEY,DVALUE,TYPE,STATUS,DESCR) VALUES ('167', '/container/download', '日志下载', '0', '1', null);
INSERT INTO "DOP_DICTIONARY" (ID,DKEY,DVALUE,TYPE,STATUS,DESCR) VALUES ('168', '/component/connectTest', '组件的可达性测试', '0', '1', null);
INSERT INTO "DOP_DICTIONARY" (ID,DKEY,DVALUE,TYPE,STATUS,DESCR) VALUES ('2', 'business', '业务', '0', '1', null);
INSERT INTO "DOP_DICTIONARY" (ID,DKEY,DVALUE,TYPE,STATUS,DESCR) VALUES ('20', '/application/delete', '删除应用', '0', '1', null);
INSERT INTO "DOP_DICTIONARY" (ID,DKEY,DVALUE,TYPE,STATUS,DESCR) VALUES ('201', '/host/createGroup', '批量新增主机', '0', '1', '');
INSERT INTO "DOP_DICTIONARY" (ID,DKEY,DVALUE,TYPE,STATUS,DESCR) VALUES ('22', '/application/remove/batch', '批量删除应用', '0', '1', null);
INSERT INTO "DOP_DICTIONARY" (ID,DKEY,DVALUE,TYPE,STATUS,DESCR) VALUES ('23', '/application/update', '更新应用信息', '0', '1', null);
INSERT INTO "DOP_DICTIONARY" (ID,DKEY,DVALUE,TYPE,STATUS,DESCR) VALUES ('25', '/application/isExist', '判断应用名称是否存在', '0', '1', null);
INSERT INTO "DOP_DICTIONARY" (ID,DKEY,DVALUE,TYPE,STATUS,DESCR) VALUES ('27', '/cluster/create', '创建集群', '0', '1', null);
INSERT INTO "DOP_DICTIONARY" (ID,DKEY,DVALUE,TYPE,STATUS,DESCR) VALUES ('28', '/cluster/delete', '删除集群', '0', '1', null);
INSERT INTO "DOP_DICTIONARY" (ID,DKEY,DVALUE,TYPE,STATUS,DESCR) VALUES ('29', '/cluster/deletes', '批量删除集群', '0', '1', null);
INSERT INTO "DOP_DICTIONARY" (ID,DKEY,DVALUE,TYPE,STATUS,DESCR) VALUES ('3', 'image', '镜像', '0', '1', null);
INSERT INTO "DOP_DICTIONARY" (ID,DKEY,DVALUE,TYPE,STATUS,DESCR) VALUES ('30', '/cluster/update', '更新集群信息', '0', '1', null);
INSERT INTO "DOP_DICTIONARY" (ID,DKEY,DVALUE,TYPE,STATUS,DESCR) VALUES ('35', '/cluster/addHost', '集群添加主机', '0', '1', null);
INSERT INTO "DOP_DICTIONARY" (ID,DKEY,DVALUE,TYPE,STATUS,DESCR) VALUES ('36', '/cluster/removeHost', '集群移除主机', '0', '1', null);
INSERT INTO "DOP_DICTIONARY" (ID,DKEY,DVALUE,TYPE,STATUS,DESCR) VALUES ('37', '/cluster/healthCheck', '集群健康检查', '0', '1', null);
INSERT INTO "DOP_DICTIONARY" (ID,DKEY,DVALUE,TYPE,STATUS,DESCR) VALUES ('4', 'container', '容器', '0', '1', null);
INSERT INTO "DOP_DICTIONARY" (ID,DKEY,DVALUE,TYPE,STATUS,DESCR) VALUES ('40', '/component/create', '创建组件', '0', '1', null);
INSERT INTO "DOP_DICTIONARY" (ID,DKEY,DVALUE,TYPE,STATUS,DESCR) VALUES ('41', '/component/delete', '删除组件', '0', '1', null);
INSERT INTO "DOP_DICTIONARY" (ID,DKEY,DVALUE,TYPE,STATUS,DESCR) VALUES ('42', '/component/deletes', '批量删除组件', '0', '1', null);
INSERT INTO "DOP_DICTIONARY" (ID,DKEY,DVALUE,TYPE,STATUS,DESCR) VALUES ('43', '/component/update', '更新组件信息', '0', '1', null);
INSERT INTO "DOP_DICTIONARY" (ID,DKEY,DVALUE,TYPE,STATUS,DESCR) VALUES ('49', '/container/create', '创建容器', '0', '1', null);
INSERT INTO "DOP_DICTIONARY" (ID,DKEY,DVALUE,TYPE,STATUS,DESCR) VALUES ('5', 'host', '主机', '0', '1', null);
INSERT INTO "DOP_DICTIONARY" (ID,DKEY,DVALUE,TYPE,STATUS,DESCR) VALUES ('50', '/container/start', '启动容器', '0', '1', null);
INSERT INTO "DOP_DICTIONARY" (ID,DKEY,DVALUE,TYPE,STATUS,DESCR) VALUES ('51', '/container/stop', '停止容器运行', '0', '1', null);
INSERT INTO "DOP_DICTIONARY" (ID,DKEY,DVALUE,TYPE,STATUS,DESCR) VALUES ('52', '/container/trash', '删除容器', '0', '1', null);
INSERT INTO "DOP_DICTIONARY" (ID,DKEY,DVALUE,TYPE,STATUS,DESCR) VALUES ('57', '/host/create', '创建物理主机', '0', '1', null);
INSERT INTO "DOP_DICTIONARY" (ID,DKEY,DVALUE,TYPE,STATUS,DESCR) VALUES ('58', '/host/delete', '删除物理主机', '0', '1', null);
INSERT INTO "DOP_DICTIONARY" (ID,DKEY,DVALUE,TYPE,STATUS,DESCR) VALUES ('59', '/host/deletes', '批量删除物理主机', '0', '1', null);
INSERT INTO "DOP_DICTIONARY" (ID,DKEY,DVALUE,TYPE,STATUS,DESCR) VALUES ('6', 'cluster', '集群', '0', '1', null);
INSERT INTO "DOP_DICTIONARY" (ID,DKEY,DVALUE,TYPE,STATUS,DESCR) VALUES ('60', '/host/update', '更新主机信息', '0', '1', null);
INSERT INTO "DOP_DICTIONARY" (ID,DKEY,DVALUE,TYPE,STATUS,DESCR) VALUES ('610', '/system/switchImage', '切换镜像', '0', '1', '');
INSERT INTO "DOP_DICTIONARY" (ID,DKEY,DVALUE,TYPE,STATUS,DESCR) VALUES ('62', '/host/queryIP', '创建主机时检查IP', '0', '1', null);
INSERT INTO "DOP_DICTIONARY" (ID,DKEY,DVALUE,TYPE,STATUS,DESCR) VALUES ('63', '/host/addToCluster', '添加主机到集群中', '0', '1', null);
INSERT INTO "DOP_DICTIONARY" (ID,DKEY,DVALUE,TYPE,STATUS,DESCR) VALUES ('64', '/host/removeFromCluster', '移除主机从集群中', '0', '1', null);
INSERT INTO "DOP_DICTIONARY" (ID,DKEY,DVALUE,TYPE,STATUS,DESCR) VALUES ('68', '/image/make', '制作镜像', '0', '1', null);
INSERT INTO "DOP_DICTIONARY" (ID,DKEY,DVALUE,TYPE,STATUS,DESCR) VALUES ('69', '/image/push', '发布镜像', '0', '1', null);
INSERT INTO "DOP_DICTIONARY" (ID,DKEY,DVALUE,TYPE,STATUS,DESCR) VALUES ('7', 'registry', '仓库', '0', '1', null);
INSERT INTO "DOP_DICTIONARY" (ID,DKEY,DVALUE,TYPE,STATUS,DESCR) VALUES ('71', '/image/remove/{id}', '删除镜像', '0', '1', null);
INSERT INTO "DOP_DICTIONARY" (ID,DKEY,DVALUE,TYPE,STATUS,DESCR) VALUES ('72', '/image/remove/batch', '批量删除镜像', '0', '1', null);
INSERT INTO "DOP_DICTIONARY" (ID,DKEY,DVALUE,TYPE,STATUS,DESCR) VALUES ('77', '/loadbalance/create', '创建负载均衡', '0', '1', null);
INSERT INTO "DOP_DICTIONARY" (ID,DKEY,DVALUE,TYPE,STATUS,DESCR) VALUES ('8', 'component', '组件', '0', '1', null);
INSERT INTO "DOP_DICTIONARY" (ID,DKEY,DVALUE,TYPE,STATUS,DESCR) VALUES ('80', '/loadbalance/addApp', '应用加入负载', '0', '1', null);
INSERT INTO "DOP_DICTIONARY" (ID,DKEY,DVALUE,TYPE,STATUS,DESCR) VALUES ('81', '/loadbalance/modify', '更新负载均衡', '0', '1', null);
INSERT INTO "DOP_DICTIONARY" (ID,DKEY,DVALUE,TYPE,STATUS,DESCR) VALUES ('82', '/loadbalance/remove', '删除负载均衡', '0', '1', null);
INSERT INTO "DOP_DICTIONARY" (ID,DKEY,DVALUE,TYPE,STATUS,DESCR) VALUES ('85', '/log/encry/{password}', '加密密码', '0', '1', null);
INSERT INTO "DOP_DICTIONARY" (ID,DKEY,DVALUE,TYPE,STATUS,DESCR) VALUES ('86', '/login', '登录', '0', '1', null);
INSERT INTO "DOP_DICTIONARY" (ID,DKEY,DVALUE,TYPE,STATUS,DESCR) VALUES ('87', '/logout.html', '登出', '0', '1', null);
INSERT INTO "DOP_DICTIONARY" (ID,DKEY,DVALUE,TYPE,STATUS,DESCR) VALUES ('89', '/modifyPassProcess', '修改用户密码', '0', '1', null);
INSERT INTO "DOP_DICTIONARY" (ID,DKEY,DVALUE,TYPE,STATUS,DESCR) VALUES ('9', 'param', '参数', '0', '1', null);
INSERT INTO "DOP_DICTIONARY" (ID,DKEY,DVALUE,TYPE,STATUS,DESCR) VALUES ('99', '/registry/create', '创建仓库', '0', '1', null);
INSERT INTO "DOP_DRIVER" (ID,DRIVER_NAME,DRIVER_VERSION,DRIVER_PATH,DB_TYPE,DRIVER_DESC) VALUES ('1', 'oracle', null, 'oracle', '0', 'oracle驱动');
INSERT INTO "DOP_DRIVER" (ID,DRIVER_NAME,DRIVER_VERSION,DRIVER_PATH,DB_TYPE,DRIVER_DESC) VALUES ('2', 'db2', null, 'db2', '2', 'db2驱动');
INSERT INTO "DOP_DRIVER" (ID,DRIVER_NAME,DRIVER_VERSION,DRIVER_PATH,DB_TYPE,DRIVER_DESC) VALUES ('3', 'mysql', '', 'mysql', '1', 'mysql驱动');
INSERT INTO "DOP_DRIVER" (ID, DRIVER_NAME, DRIVER_VERSION, DRIVER_PATH, DB_TYPE, DRIVER_DESC) VALUES ('4', 'isolation', null, 'isolation', 3, 'isolation driver');
INSERT INTO "DOP_DRIVER" (ID,DRIVER_NAME,DRIVER_VERSION,DRIVER_PATH,DB_TYPE,DRIVER_DESC) VALUES ('5', 'oracle_XA', null, 'oracle_XA', '5', 'oracle_XA驱动');
INSERT INTO "DOP_PARAMETER" (ID,PARA_CODE,PARA_NAME,PARA_VALUE,PARA_TYPE,PARA_DESC,PARENT_ID) VALUES ('1', 'jifang', 'jifang', '机房', '0', null, '0');
INSERT INTO "DOP_PARAMETER" (ID,PARA_CODE,PARA_NAME,PARA_VALUE,PARA_TYPE,PARA_DESC,PARENT_ID) VALUES ('2', 'jijia', 'jijia', '机架', '0', '机架', '1');
INSERT INTO "DOP_PARAMETER" (ID,PARA_CODE,PARA_NAME,PARA_VALUE,PARA_TYPE,PARA_DESC,PARENT_ID) VALUES ('2ad53f97ee9c4ca0890567c99604934e', 'registry', '仓库', 'registry', '1', '', '');
INSERT INTO "DOP_PARAMETER" (ID,PARA_CODE,PARA_NAME,PARA_VALUE,PARA_TYPE,PARA_DESC,PARENT_ID) VALUES ('3', 'wuliji', 'wuliji', '物理机', '0', '物理机', '2');
INSERT INTO "DOP_PARAMETER" (ID,PARA_CODE,PARA_NAME,PARA_VALUE,PARA_TYPE,PARA_DESC,PARENT_ID) VALUES ('4056f995a0284af4bf06ced24e97a423', 'swarm', 'swarm', 'swarm', '1', '', null);
INSERT INTO "DOP_PARAMETER" (ID,PARA_CODE,PARA_NAME,PARA_VALUE,PARA_TYPE,PARA_DESC,PARENT_ID) VALUES ('4c9ec7190e3e462894a896a8537eb8d3', 'oncesysinfo', '物理机监控Agent', 'oncesysinfo', '1', '', '');
INSERT INTO "DOP_PARAMETER" (ID,PARA_CODE,PARA_NAME,PARA_VALUE,PARA_TYPE,PARA_DESC,PARENT_ID) VALUES ('d29e026b275f413b9e5a6481c7c76c3d', 'nginx', 'nginx', 'nginx', '1', '', '');
INSERT INTO "DOP_PARAMETER" (ID,PARA_CODE,PARA_NAME,PARA_VALUE,PARA_TYPE,PARA_DESC,PARENT_ID) VALUES ('f52a81a274cc4c19998a0d495070b8fb', 'docker', 'docker', 'docker', '1', '', null);
INSERT INTO "DOP_ROLE" (ROLE_ID,ROLE_NAME,ROLE_DESC,ROLE_REMARKS,ROLE_STATUS) VALUES ('1', '管理员', '创建系统账号', '1', '1');
INSERT INTO "DOP_ROLE" (ROLE_ID,ROLE_NAME,ROLE_DESC,ROLE_REMARKS,ROLE_STATUS) VALUES ('2', '审计管理员', '查看日志', '2', '1');
INSERT INTO "DOP_ROLE" (ROLE_ID,ROLE_NAME,ROLE_DESC,ROLE_REMARKS,ROLE_STATUS) VALUES ('3', '业务管理员', '除了设置账号拥有其他所有权限', '3', '1');
INSERT INTO "DOP_ROLE" (ROLE_ID,ROLE_NAME,ROLE_DESC,ROLE_REMARKS,ROLE_STATUS) VALUES ('4', '物理系统用户', '可以使用物理系统功能并在功能中只能看到和操作本用户管理的系统', '4', '1');
INSERT INTO "DOP_ROLE_ACTION" (ID,ROLE_ID,ACTION_ID) VALUES ('1', '1', '1');
INSERT INTO "DOP_ROLE_ACTION" (ID,ROLE_ID,ACTION_ID) VALUES ('10', '1', '21');
INSERT INTO "DOP_ROLE_ACTION" (ID,ROLE_ID,ACTION_ID) VALUES ('11', '1', '61');
INSERT INTO "DOP_ROLE_ACTION" (ID,ROLE_ID,ACTION_ID) VALUES ('110', '1', '62');
INSERT INTO "DOP_ROLE_ACTION" (ID,ROLE_ID,ACTION_ID) VALUES ('111', '1', '612');
INSERT INTO "DOP_ROLE_ACTION" (ID,ROLE_ID,ACTION_ID) VALUES ('112', '1', '22');
INSERT INTO "DOP_ROLE_ACTION" (ID,ROLE_ID,ACTION_ID) VALUES ('113', '1', '211');
INSERT INTO "DOP_ROLE_ACTION" (ID,ROLE_ID,ACTION_ID) VALUES ('117', '1', '223');
INSERT INTO "DOP_ROLE_ACTION" (ID,ROLE_ID,ACTION_ID) VALUES ('118', '1', '234');
INSERT INTO "DOP_ROLE_ACTION" (ID,ROLE_ID,ACTION_ID) VALUES ('119', '1', '245');
INSERT INTO "DOP_ROLE_ACTION" (ID,ROLE_ID,ACTION_ID) VALUES ('12', '1', '32');
INSERT INTO "DOP_ROLE_ACTION" (ID,ROLE_ID,ACTION_ID) VALUES ('120', '1', '23');
INSERT INTO "DOP_ROLE_ACTION" (ID,ROLE_ID,ACTION_ID) VALUES ('123', '1', '632');
INSERT INTO "DOP_ROLE_ACTION" (ID,ROLE_ID,ACTION_ID) VALUES ('13', '1', '24');
INSERT INTO "DOP_ROLE_ACTION" (ID,ROLE_ID,ACTION_ID) VALUES ('14', '1', '25');
INSERT INTO "DOP_ROLE_ACTION" (ID,ROLE_ID,ACTION_ID) VALUES ('15', '1', '26');
INSERT INTO "DOP_ROLE_ACTION" (ID,ROLE_ID,ACTION_ID) VALUES ('16', '1', '212');
INSERT INTO "DOP_ROLE_ACTION" (ID,ROLE_ID,ACTION_ID) VALUES ('17', '1', '213');
INSERT INTO "DOP_ROLE_ACTION" (ID,ROLE_ID,ACTION_ID) VALUES ('18', '1', '214');
INSERT INTO "DOP_ROLE_ACTION" (ID,ROLE_ID,ACTION_ID) VALUES ('187', '1', '221');
INSERT INTO "DOP_ROLE_ACTION" (ID,ROLE_ID,ACTION_ID) VALUES ('188', '1', '222');
INSERT INTO "DOP_ROLE_ACTION" (ID,ROLE_ID,ACTION_ID) VALUES ('189', '1', '611');
INSERT INTO "DOP_ROLE_ACTION" (ID,ROLE_ID,ACTION_ID) VALUES ('19', '1', '224');
INSERT INTO "DOP_ROLE_ACTION" (ID,ROLE_ID,ACTION_ID) VALUES ('190', '1', '225');
INSERT INTO "DOP_ROLE_ACTION" (ID,ROLE_ID,ACTION_ID) VALUES ('191', '1', '231');
INSERT INTO "DOP_ROLE_ACTION" (ID,ROLE_ID,ACTION_ID) VALUES ('192', '1', '232');
INSERT INTO "DOP_ROLE_ACTION" (ID,ROLE_ID,ACTION_ID) VALUES ('2', '1', '233');
INSERT INTO "DOP_ROLE_ACTION" (ID,ROLE_ID,ACTION_ID) VALUES ('20', '1', '235');
INSERT INTO "DOP_ROLE_ACTION" (ID,ROLE_ID,ACTION_ID) VALUES ('21', '1', '241');
INSERT INTO "DOP_ROLE_ACTION" (ID,ROLE_ID,ACTION_ID) VALUES ('22', '1', '243');
INSERT INTO "DOP_ROLE_ACTION" (ID,ROLE_ID,ACTION_ID) VALUES ('221', '1', '244');
INSERT INTO "DOP_ROLE_ACTION" (ID,ROLE_ID,ACTION_ID) VALUES ('222', '1', '613');
INSERT INTO "DOP_ROLE_ACTION" (ID,ROLE_ID,ACTION_ID) VALUES ('223', '1', '614');
INSERT INTO "DOP_ROLE_ACTION" (ID,ROLE_ID,ACTION_ID) VALUES ('224', '1', '615');
INSERT INTO "DOP_ROLE_ACTION" (ID,ROLE_ID,ACTION_ID) VALUES ('23', '1', '616');
INSERT INTO "DOP_ROLE_ACTION" (ID,ROLE_ID,ACTION_ID) VALUES ('239', '1', '621');
INSERT INTO "DOP_ROLE_ACTION" (ID,ROLE_ID,ACTION_ID) VALUES ('24', '1', '622');
INSERT INTO "DOP_ROLE_ACTION" (ID,ROLE_ID,ACTION_ID) VALUES ('240', '1', '2');
INSERT INTO "DOP_ROLE_ACTION" (ID,ROLE_ID,ACTION_ID) VALUES ('241', '1', '623');
INSERT INTO "DOP_ROLE_ACTION" (ID,ROLE_ID,ACTION_ID) VALUES ('242', '1', '631');
INSERT INTO "DOP_ROLE_ACTION" (ID,ROLE_ID,ACTION_ID) VALUES ('243', '1', '3');
INSERT INTO "DOP_ROLE_ACTION" (ID,ROLE_ID,ACTION_ID) VALUES ('244', '1', '4');
INSERT INTO "DOP_ROLE_ACTION" (ID,ROLE_ID,ACTION_ID) VALUES ('245', '1', '63');
INSERT INTO "DOP_ROLE_ACTION" (ID,ROLE_ID,ACTION_ID) VALUES ('246', '1', '6');
INSERT INTO "DOP_ROLE_ACTION" (ID,ROLE_ID,ACTION_ID) VALUES ('247', '1', '31');
INSERT INTO "DOP_ROLE_ACTION" (ID,ROLE_ID,ACTION_ID) VALUES ('248', '1', '41');
INSERT INTO "DOP_ROLE_ACTION" (ID,ROLE_ID,ACTION_ID) VALUES ('249', '1', '42');
INSERT INTO "DOP_ROLE_ACTION" (ID,ROLE_ID,ACTION_ID) VALUES ('250', '1', '27');
INSERT INTO "DOP_ROLE_ACTION" (ID,ROLE_ID,ACTION_ID) VALUES ('251', '1', '29');
INSERT INTO "DOP_ROLE_ACTION" (ID,ROLE_ID,ACTION_ID) VALUES ('fda20bb3d1374ebeba1bf9ab229d8a9a','1','252');
INSERT INTO "DOP_ROLE_ACTION" (ID,ROLE_ID,ACTION_ID) VALUES ('b94572d6d9874435acf7f7e27ff0711b','1','253');
INSERT INTO "DOP_ROLE_ACTION" (ID,ROLE_ID,ACTION_ID) VALUES ('ac0b8137b0ce4d1189485b4067954ec8','1','254');
INSERT INTO "DOP_ROLE_ACTION" (ID,ROLE_ID,ACTION_ID) VALUES ('9095581557d04b5fb975c19c603340aa', '2', '42');
INSERT INTO "DOP_ROLE_ACTION" (ID,ROLE_ID,ACTION_ID) VALUES ('ba80e05ab1934a89a5ec962f64b09ee3', '2', '1');
INSERT INTO "DOP_ROLE_ACTION" (ID,ROLE_ID,ACTION_ID) VALUES ('bedc919518ad493b8eb0d3b0821d16a1', '2', '4');
INSERT INTO "DOP_ROLE_ACTION" (ID,ROLE_ID,ACTION_ID) VALUES ('f2954a95f5ab4888b8efec1b1efcff88', '2', '41');
INSERT INTO "DOP_USER" (USER_ID,USER_NAME,USER_PASS,USER_MAIL,USER_PHONE,USER_COMPANY,USER_LEVEL,USER_STATUS,USER_LOGIN_STATUS,USER_ROLEID,USER_CREATEDATE,USER_CREATOR
) VALUES ('1', 'admin', '{AES}dtIocmlVHZN7B28YUCAkU+zEtr1mnxSv4JT1q2ejrEs=', 'cmbc15@163.com', '15100118888', null, '0', '1', '4791BF4279B922500CA3F7C6C68C21FB', null, sysdate, '1');
INSERT INTO "DOP_USER" (USER_ID,USER_NAME,USER_PASS,USER_MAIL,USER_PHONE,USER_COMPANY,USER_LEVEL,USER_STATUS,USER_LOGIN_STATUS,USER_ROLEID,USER_CREATEDATE,USER_CREATOR
) VALUES ('2', 'JunitUserNameUpdate', '123456', 'junit@sina.com.cn', '61450079', '7298e72a43f54647a33656db3fdfe9a8', '1', '0', null, '1', sysdate, '1');
INSERT INTO "DOP_USER" (USER_ID,USER_NAME,USER_PASS,USER_MAIL,USER_PHONE,USER_COMPANY,USER_LEVEL,USER_STATUS,USER_LOGIN_STATUS,USER_ROLEID,USER_CREATEDATE,USER_CREATOR
) VALUES ('67b95b9c466043daada2231d8679259c', '111', '{AES}GOD70qeTfAu6UZrX2a1jwurMSm098aIXKa5neIx639U=', '222@123.com', '123333333', 'af8f07f55f4d413088c2fda1286f422b', '1', '1', null, null,sysdate, '7fe0bd685b1d417cbfee6e689dc77a5c');
INSERT INTO "DOP_USER" (USER_ID,USER_NAME,USER_PASS,USER_MAIL,USER_PHONE,USER_COMPANY,USER_LEVEL,USER_STATUS,USER_LOGIN_STATUS,USER_ROLEID,USER_CREATEDATE,USER_CREATOR
) VALUES ('7fe0bd685b1d417cbfee6e689dc77a5c', 'sgcc', '{AES}9n5UeKAC8ITwGJr7D2xMgF6lI4Nw/dR8Y+c+ahilbjw=', '123@123.com', '123456789', '7298e72a43f54647a33656db3fdfe9a8', '1', '1', '29F6C81A9E93A98FA1961816412F79B5', null,sysdate, '1');
INSERT INTO "DOP_USER" (USER_ID,USER_NAME,USER_PASS,USER_MAIL,USER_PHONE,USER_COMPANY,USER_LEVEL,USER_STATUS,USER_LOGIN_STATUS,USER_ROLEID,USER_CREATEDATE,USER_CREATOR
) VALUES ('91f01b4acdaf45798965a890f8340c93', '123', '{AES}7FURJ3K8KhKtGRlFwBx9lMBagc1KezvJGOgwqM43EV0=', '123@12.com', '1234567811', 'af8f07f55f4d413088c2fda1286f422b', '1', '1', null, null, sysdate, '1');
INSERT INTO "DOP_USER_ROLE" (ID,USER_ID,ROLE_ID) VALUES ('1', '1', '1');
INSERT INTO "DOP_USER_ROLE" (ID,USER_ID,ROLE_ID) VALUES ('3568a8f4360048f097fc4da1ea3ab580', '1fca6e16e492487db6b3f164e19fe384', '3');
INSERT INTO "DOP_USER_ROLE" (ID,USER_ID,ROLE_ID) VALUES ('4', '23', '1');
INSERT INTO "DOP_USER_ROLE" (ID,USER_ID,ROLE_ID) VALUES ('5', '24', '1');
INSERT INTO "DOP_USER_ROLE" (ID,USER_ID,ROLE_ID) VALUES ('50684503658f4c4d9af2faf44fd21239', '7fe0bd685b1d417cbfee6e689dc77a5c', '1');
INSERT INTO "DOP_USER_ROLE" (ID,USER_ID,ROLE_ID) VALUES ('5108be6bf50d4c96a74dfd15e25631e9', '7fe0bd685b1d417cbfee6e689dc77a5c', '4');
INSERT INTO "DOP_USER_ROLE" (ID,USER_ID,ROLE_ID) VALUES ('7', '26', '1');
INSERT INTO "DOP_USER_ROLE" (ID,USER_ID,ROLE_ID) VALUES ('9318eff93ea046f4b4c4dacd3b22b822', '1fca6e16e492487db6b3f164e19fe384', '2');
INSERT INTO "DOP_USER_ROLE" (ID,USER_ID,ROLE_ID) VALUES ('a6d6e3e386944d95bbbd9773da184579', '2', '4');
INSERT INTO "DOP_USER_ROLE" (ID,USER_ID,ROLE_ID) VALUES ('b99c1252f0744e32885c6ab1a871d8c0', '08e91640a83e454cb4dde0274681ec05', '1');
INSERT INTO "DOP_USER_ROLE" (ID,USER_ID,ROLE_ID) VALUES ('bb24cc0fe492479885a3139883de4c70', '08e91640a83e454cb4dde0274681ec05', '2');
INSERT INTO "DOP_USER_ROLE" (ID,USER_ID,ROLE_ID) VALUES ('ff7b4b4958cc4e45b8c0e99d1a47d512', '2222', '2');
--add by lianyd DNS 0209
alter table DOP_COMPONENT add dns_zone varchar2(100);
alter table DOP_COMPONENT add dns_key varchar2(300);
alter table DOP_COMPONENT add secret varchar2(2000);
alter table DOP_DEPLOY add SYNC_DNS_ENABLE NUMBER;
alter table DOP_DEPLOY add DNS_COMPONENTID VARCHAR2(64);
alter table DOP_DEPLOY add SON_ZONE VARCHAR2(32);
alter table DOP_SYSTEM add SYSTEM_CODE VARCHAR2(80);
alter table DOP_SYSTEM_APP add APP_TYPE NUMBER(22); -- 1： j2ee项目  2：tar包压缩包 3：jar包微服务 
alter table DOP_SYSTEM_APP add APP_CATEGORY NUMBER(22); -- 1: 普通的包需要制作镜像 2：自定义镜像
alter table DOP_CONTAINER add CON_COMMAND VARCHAR2(200);
alter table DOP_CONTAINER add CON_PORTS VARCHAR2(100);
alter table DOP_COMPONENT add BACK_COMPONENT_IP VARCHAR2(80);
alter table DOP_COMPONENT add KEEPALIVED_IP VARCHAR2(80);
alter table DOP_COMPONENT add NGINX_CATEGORY NUMBER(22); -- 1:系统部署的负载 2： 仓库负载用
alter table DOP_COMPONENT add COMPONENT_HOST_PORT NUMBER(22); -- 主机端口号

alter table DOP_LIBRARY add LIBRARY_LOCAL_PATH varchar2(100);
