/*
Navicat MySQL Data Transfer

Source Server         : localhost
Source Server Version : 50146
Source Host           : localhost:3306
Source Database       : paas_db_2

Target Server Type    : MYSQL
Target Server Version : 50146
File Encoding         : 65001

Date: 2016-12-08 13:41:38
*/

SET FOREIGN_KEY_CHECKS=0;

-- ----------------------------
-- Table structure for dop_action
-- ----------------------------
DROP TABLE IF EXISTS `dop_action`;
CREATE TABLE `dop_action` (
  `ACTION_ID` varchar(64) NOT NULL COMMENT '行为ID',
  `ACTION_NAME` varchar(36) NOT NULL COMMENT '行为名称',
  `ACTION_DESC` varchar(300) NOT NULL COMMENT '行为描述',
  `ACTION_RELATIVE_URL` varchar(100) DEFAULT NULL COMMENT '行为连接',
  `ACTION_TYPE` tinyint(11) NOT NULL COMMENT '行为级别（0 页面 ,1操作, 2子页面, 3弹出层）',
  `ACTION_REMARKS` varchar(300) DEFAULT NULL COMMENT '行为标记',
  `ACTION_PARENT_ID` varchar(64) DEFAULT NULL COMMENT '行为父类ID',
  PRIMARY KEY (`ACTION_ID`)
) ENGINE=InnoDB DEFAULT CHARSET=utf8;

-- ----------------------------
-- Table structure for dop_app_prelib
-- ----------------------------
DROP TABLE IF EXISTS `dop_app_prelib`;
CREATE TABLE `dop_app_prelib` (
  `ID` varchar(64) NOT NULL,
  `APP_ID` varchar(64) DEFAULT NULL COMMENT '应用id',
  `LIBRARY_ID` varchar(64) DEFAULT NULL COMMENT 'lib包id',
  `PATH` varchar(255) DEFAULT NULL COMMENT '上传位置',
  `LIBRARY_DESCRIPTION` varchar(255) DEFAULT NULL,
  `LIBRARY_NAME` varchar(255) DEFAULT NULL,
  PRIMARY KEY (`ID`)
) ENGINE=InnoDB DEFAULT CHARSET=utf8;

-- ----------------------------
-- Table structure for dop_business
-- ----------------------------
DROP TABLE IF EXISTS `dop_business`;
CREATE TABLE `dop_business` (
  `BUSINESS_ID` varchar(64) NOT NULL,
  `BUSSINESS_NAME` varchar(100) DEFAULT NULL COMMENT '业务名称',
  PRIMARY KEY (`BUSINESS_ID`)
) ENGINE=InnoDB DEFAULT CHARSET=utf8;

-- ----------------------------
-- Table structure for dop_bus_sys
-- ----------------------------
DROP TABLE IF EXISTS `dop_bus_sys`;
CREATE TABLE `dop_bus_sys` (
  `ID` varchar(64) NOT NULL,
  `BUSINESS_ID` varchar(64) DEFAULT NULL,
  `SYS_ID` varchar(64) DEFAULT NULL,
  PRIMARY KEY (`ID`)
) ENGINE=InnoDB DEFAULT CHARSET=utf8;

-- ----------------------------
-- Table structure for dop_cluster
-- ----------------------------
DROP TABLE IF EXISTS `dop_cluster`;
CREATE TABLE `dop_cluster` (
  `CLUSTER_ID` varchar(64) NOT NULL COMMENT '主键',
  `CLUSTER_UUID` varchar(64) NOT NULL COMMENT '集群UUID，由前台生成',
  `CLUSTER_NAME` varchar(80) NOT NULL COMMENT '集群名称',
  `CLUSTER_TYPE` tinyint(4) NOT NULL COMMENT '集群类型（0：删除，1：正常）',
  `CLUSTER_STATUS` tinyint(4) NOT NULL COMMENT '集群状态（0已删除，1正常，2停止，3未安装）',
  `CLUSTER_PORT` varchar(5) NOT NULL COMMENT '端口号',
  `MANAGE_PATH` varchar(255) NOT NULL COMMENT '文件路径',
  `CLUSTER_DESC` varchar(200) DEFAULT NULL COMMENT '描述信息',
  `MASTE_HOST_ID` varchar(64) NOT NULL,
  `CLUSTER_CREATETIME` datetime NOT NULL COMMENT '创建时间',
  `CLUSTER_CREATOR` varchar(64) NOT NULL COMMENT '创建人ID，关联USER表',
  `STANDBY_HOST_ID` varchar(64) DEFAULT NULL COMMENT '集群备用主机ID',
  `REGISTRY_LB_ID` varchar(64) DEFAULT NULL COMMENT '仓库集群ID',
  `ENVIRONMENT_ID` varchar(64) DEFAULT NULL COMMENT '环境ID',
  PRIMARY KEY (`CLUSTER_ID`)
) ENGINE=InnoDB DEFAULT CHARSET=utf8;

-- ----------------------------
-- Table structure for dop_component
-- ----------------------------
DROP TABLE IF EXISTS `dop_component`;
CREATE TABLE `dop_component` (
  `COMPONENT_ID` varchar(64) NOT NULL,
  `COMPONENT_TYPE` tinyint(4) NOT NULL COMMENT '组件类型',
  `COMPONENT_NAME` varchar(80) NOT NULL COMMENT '组件名称',
  `COMPONENT_IP` varchar(80) DEFAULT NULL COMMENT '主机Ip',
  `COMPONENT_PWD` varchar(255) DEFAULT NULL COMMENT '组件类型为数据库时，为数据库登录密码',
  `COMPONENT_USERNAME` varchar(255) DEFAULT NULL COMMENT '组件类型为数据库时，为数据库登录用户名',
  `COMPONENT_PORT` int(11) DEFAULT NULL,
  `COMPONENT_STATUS` tinyint(4) DEFAULT NULL,
  `COMPONENT_VERSION` varchar(80) DEFAULT NULL,
  `COMPONENT_DESCRIPTION` varchar(200) DEFAULT '',
  `COMPONENT_DRIVER` varchar(100) DEFAULT NULL,
  `COMPONENT_JDBCURL` varchar(100) DEFAULT NULL,
  `COMPONENT_CONFIG_DIR` varchar(100) DEFAULT NULL,
  `COMPONENT_DB_TYPE` tinyint(4) DEFAULT NULL COMMENT '0:oracle;1:mysql;2:DB2;3:isolation',
  PRIMARY KEY (`COMPONENT_ID`)
) ENGINE=InnoDB DEFAULT CHARSET=utf8;

-- ----------------------------
-- Table structure for dop_comp_expand
-- ----------------------------
DROP TABLE IF EXISTS `dop_comp_expand`;
CREATE TABLE `dop_comp_expand` (
  `COMP_ID` varchar(64) DEFAULT NULL COMMENT '组件主表id',
  `F5_COMP_ID` varchar(64) DEFAULT NULL COMMENT 'f5组件id',
  `AUTO_CONFIG_F5` tinyint(4) DEFAULT NULL COMMENT '是否自动配置f5 0:否1:是',
  `BIGIP_VERSION` varchar(80) DEFAULT NULL COMMENT 'BIGIP版本',
  `F5_EXTERNAL_IP` varchar(30) DEFAULT NULL COMMENT 'f5对外ip',
  `F5_EXTERNAL_PORT` int(11) DEFAULT NULL COMMENT 'f5对外端口',
  `DRIVER_ID` varchar(64) DEFAULT NULL COMMENT '数据库驱动id'
) ENGINE=InnoDB DEFAULT CHARSET=utf8;

-- ----------------------------
-- Table structure for dop_comp_host
-- ----------------------------
DROP TABLE IF EXISTS `dop_comp_host`;
CREATE TABLE `dop_comp_host` (
  `ID` varchar(64) NOT NULL,
  `DOP_COMPONENT_ID` varchar(64) DEFAULT NULL COMMENT '组件id',
  `HOST_ID` varchar(64) DEFAULT NULL COMMENT '主机id',
  `NGINX_STATUS` tinyint(4) DEFAULT NULL COMMENT 'nginx状态（0:未安装 1：正常 2：停止）',
  `NGINX_PORT` int(11) DEFAULT NULL COMMENT 'nginx端口',
  PRIMARY KEY (`ID`)
) ENGINE=InnoDB DEFAULT CHARSET=utf8;

-- ----------------------------
-- Table structure for dop_comp_port
-- ----------------------------
DROP TABLE IF EXISTS `dop_comp_port`;
CREATE TABLE `dop_comp_port` (
  `ID` varchar(64) NOT NULL,
  `COMP_ID` varchar(64) DEFAULT NULL COMMENT '组件ID',
  `PORT_ID` varchar(64) DEFAULT NULL COMMENT '端口ID',
  `USED_ID` varchar(64) DEFAULT NULL COMMENT '端口使用对象ID',
  `USED_TYPE` varchar(32) DEFAULT NULL COMMENT '端口使用对象类型',
  PRIMARY KEY (`ID`)
) ENGINE=InnoDB DEFAULT CHARSET=utf8;

-- ----------------------------
-- Table structure for dop_comp_type
-- ----------------------------
DROP TABLE IF EXISTS `dop_comp_type`;
CREATE TABLE `dop_comp_type` (
  `COMPONENT_TYPE_ID` varchar(64) NOT NULL,
  `COMPONENT_TYPE_NAME` varchar(80) NOT NULL,
  PRIMARY KEY (`COMPONENT_TYPE_ID`)
) ENGINE=InnoDB DEFAULT CHARSET=utf8;

-- ----------------------------
-- Table structure for dop_container
-- ----------------------------
DROP TABLE IF EXISTS `dop_container`;
CREATE TABLE `dop_container` (
  `CON_ID` varchar(64) NOT NULL COMMENT '容器的ID（KEY，自增长）',
  `CON_UUID` varchar(64) CHARACTER SET utf8 NOT NULL COMMENT '容器的真实ID（操作容器的标示）',
  `CON_IMGID` varchar(64) NOT NULL COMMENT '容器依赖的镜像UUID（容器依赖的镜像）',
  `CON_CREATOR` varchar(64) NOT NULL COMMENT '容器用户ID（创建容器的用户信息）',
  `CON_NAME` varchar(80) CHARACTER SET utf8 NOT NULL COMMENT '容器名称',
  `CON_POWER` tinyint(4) NOT NULL COMMENT '容器运行状态(0代表关闭，1代表开启)',
  `CON_STATUS` tinyint(4) NOT NULL COMMENT '容器状态（0代表删除，1退出，2代表正常,3挂起）',
  `CON_START_COMMAND` varchar(500) CHARACTER SET utf8 DEFAULT NULL COMMENT '容器启动命令',
  `CON_START_PARAM` varchar(800) CHARACTER SET utf8 DEFAULT NULL COMMENT '容器启动参数（参数拼接） ',
  `CON_CPU` int(11) DEFAULT NULL COMMENT '容器CPU上限',
  `CON_MEM` int(11) DEFAULT NULL COMMENT '容器内存上限',
  `CON_DESC` varchar(200) CHARACTER SET utf8 DEFAULT NULL COMMENT '容器描述信息',
  `SYS_ID` varchar(64) DEFAULT NULL COMMENT '容器所属应用ID',
  `HOST_ID` varchar(64) DEFAULT NULL COMMENT '容器宿主机ID',
  `CON_CREATETIME` datetime NOT NULL COMMENT '容器创建时间',
  `CON_TEMP_NAME` varchar(100) CHARACTER SET utf8 DEFAULT NULL COMMENT '别名',
  `CLUSTER_IP` varchar(255) CHARACTER SET utf8 DEFAULT NULL,
  `CLUSTER_PORT` varchar(10) CHARACTER SET utf8 DEFAULT NULL,
  `CON_TYPE` tinyint(4) DEFAULT NULL COMMENT '0:中间件，1:APP,2:nginx容器，3:基础容器',
  `ENVIRONMENT_ID` varchar(64) DEFAULT NULL COMMENT '环境ID',
  PRIMARY KEY (`CON_ID`)
) ENGINE=InnoDB DEFAULT CHARSET=latin1;

-- ----------------------------
-- Table structure for dop_con_port
-- ----------------------------
DROP TABLE IF EXISTS `dop_con_port`;
CREATE TABLE `dop_con_port` (
  `ID` varchar(64) NOT NULL,
  `CON_IP` varchar(255) DEFAULT NULL,
  `CONTAINER_ID` varchar(64) NOT NULL COMMENT '容器ID',
  `PUB_PORT` varchar(5) CHARACTER SET utf8 NOT NULL COMMENT '容器映射端口',
  `PRI_PORT` varchar(5) CHARACTER SET utf8 NOT NULL COMMENT '容器内部端口',
  PRIMARY KEY (`ID`)
) ENGINE=InnoDB DEFAULT CHARSET=latin1;

-- ----------------------------
-- Table structure for dop_deploy
-- ----------------------------
DROP TABLE IF EXISTS `dop_deploy`;
CREATE TABLE `dop_deploy` (
  `DEPLOY_ID` varchar(64) NOT NULL,
  `SYSTEM_ID` varchar(64) DEFAULT NULL,
  `BASE_IMAGE_ID` varchar(64) DEFAULT NULL COMMENT '基础镜像ID',
  `APP_IMAGE_ID` varchar(64) DEFAULT NULL COMMENT '应用镜像ID',
  `APP_ROUTE` varchar(200) DEFAULT NULL COMMENT '应用包路径',
  `CONFIG_ROUTE` varchar(200) DEFAULT NULL COMMENT '配置文件路径',
  `INSTANCE_COUNT` int(11) DEFAULT NULL COMMENT '实例个数',
  `DEPLOY_VERSION` varchar(50) DEFAULT NULL COMMENT '版本号',
  `VERSION_CHANGE` tinyint(4) DEFAULT NULL COMMENT '新老版本手动切换(1,手动切换，2自动切换)',
  `DNS_ENABLE` tinyint(4) DEFAULT NULL COMMENT '是否在DNS配置域名(1,是，0，否)',
  `HTTP` varchar(8) DEFAULT NULL COMMENT 'http类型',
  `DOMAIN_NAME` varchar(255) DEFAULT NULL COMMENT '域名',
  `APP_NAME` varchar(255) DEFAULT NULL COMMENT '应用名称',
  `URL` varchar(255) DEFAULT NULL COMMENT '校验部署正确性URL链接',
  `LOADBALANCE_TYPE` tinyint(4) DEFAULT NULL COMMENT '负载类型:1,f5;2,nginx',
  `LOADBALANCE_ID` varchar(64) DEFAULT NULL COMMENT '负载ID',
  `PORT_CHANGE` tinyint(4) DEFAULT NULL COMMENT '手动指定对外服务端口(1,是，2，否)',
  `PORT` varchar(5) DEFAULT NULL COMMENT '对外服务端口',
  `CLUSTERID` varchar(64) DEFAULT NULL,
  `CPU` int(11) DEFAULT NULL COMMENT '设置容器cpux限制',
  `MEMERY` int(11) DEFAULT NULL COMMENT '设置容器内存限制',
  `CREATE_TIMTE` datetime NOT NULL,
  `APP_FILE_NAME` varchar(255) DEFAULT NULL COMMENT '应用文件名称',
  `NGINX_PORT` varchar(8) DEFAULT NULL COMMENT 'nginx proxy_set_header Host $host:port;',
  `SYSTEM_APP_ID` varchar(64) DEFAULT NULL COMMENT '系统应用包id',
  `F5_EXTERNAL_IP` varchar(30) DEFAULT NULL COMMENT 'f5对外ip',
  `F5_EXTERNAL_PORT` varchar(8) DEFAULT NULL COMMENT 'f5对外端口',
  `XMX` int(11) DEFAULT NULL COMMENT 'jvm最大内存(M)',
  `XMS` int(11) DEFAULT NULL COMMENT 'jvm最小内存(M)',
  `DOCKERFILE` varchar(4000) DEFAULT NULL COMMENT 'Dockerfile填充段',
  `LOCATION_LEAVEL` varchar(255) DEFAULT NULL COMMENT '位置层级：参数表code值',
  `CONTENT_PATH` varchar(100) DEFAULT NULL COMMENT '应用上下文名称',
  `REGULARLY_PUBLISH` tinyint(4) DEFAULT NULL COMMENT '定时发布0否，1是',
  `PUBLISH_TIMER` datetime DEFAULT NULL COMMENT '定时发布时间',
  `CREATOR` varchar(64) DEFAULT NULL COMMENT '创建人ID',
  `LOCATION_STRAGEGY` varchar(4) DEFAULT NULL COMMENT '容器分布策略1资源最优，2随机',
  `INIT_COUNT` int(11) DEFAULT NULL,
  `PARAMETER` varchar(4000) DEFAULT NULL COMMENT 'docker启动参数',
  PRIMARY KEY (`DEPLOY_ID`)
) ENGINE=InnoDB DEFAULT CHARSET=utf8;

-- ----------------------------
-- Table structure for dop_deploy_database
-- ----------------------------
DROP TABLE IF EXISTS `dop_deploy_database`;
CREATE TABLE `dop_deploy_database` (
  `ID` varchar(64) NOT NULL,
  `DEPLOY_ID` varchar(64) DEFAULT NULL,
  `DATABASE_ID` varchar(64) DEFAULT NULL,
  `DATASOURCE` varchar(80) DEFAULT NULL,
  `DRIVER_ID` varchar(64) DEFAULT NULL COMMENT '驱动',
  `INIT_SQL` varchar(4096) DEFAULT NULL COMMENT '初始化脚本',
  `MAX_CAPACITY` varchar(10) DEFAULT '15' COMMENT '最大连接池',
  `MIN_CAPACITY` varchar(10) DEFAULT '1' COMMENT '最小连接池',
  PRIMARY KEY (`ID`)
) ENGINE=MyISAM DEFAULT CHARSET=utf8;

-- ----------------------------
-- Table structure for dop_deploy_file
-- ----------------------------
DROP TABLE IF EXISTS `dop_deploy_file`;
CREATE TABLE `dop_deploy_file` (
  `ID` varchar(64) NOT NULL,
  `DEPLOY_ID` varchar(64) NOT NULL,
  `FILE_NAME` varchar(200) DEFAULT NULL,
  `FILE_PATH` varchar(200) DEFAULT NULL,
  PRIMARY KEY (`ID`)
) ENGINE=InnoDB DEFAULT CHARSET=utf8;

-- ----------------------------
-- Table structure for dop_deploy_nginx
-- ----------------------------
DROP TABLE IF EXISTS `dop_deploy_nginx`;
CREATE TABLE `dop_deploy_nginx` (
  `ID` varchar(64) NOT NULL,
  `DEPLOY_ID` varchar(64) DEFAULT NULL,
  `NGINX_ID` varchar(64) DEFAULT NULL COMMENT '组件表中类型为ngnix的ID',
  PRIMARY KEY (`ID`)
) ENGINE=InnoDB DEFAULT CHARSET=utf8;

-- ----------------------------
-- Table structure for dop_dictionary
-- ----------------------------
DROP TABLE IF EXISTS `dop_dictionary`;
CREATE TABLE `dop_dictionary` (
  `ID` varchar(64) NOT NULL COMMENT '主键',
  `DKEY` varchar(255) DEFAULT NULL COMMENT 'KEY',
  `DVALUE` varchar(255) DEFAULT NULL COMMENT '参数值',
  `TYPE` tinyint(4) DEFAULT NULL COMMENT '数据类型(0：日志对象，1：数据库对象)',
  `STATUS` tinyint(4) DEFAULT NULL COMMENT '可用状态(0:不可用，1：可用)',
  `DESCR` varchar(255) DEFAULT NULL COMMENT '描述信息',
  PRIMARY KEY (`ID`)
) ENGINE=InnoDB DEFAULT CHARSET=utf8;

-- ----------------------------
-- Table structure for dop_driver
-- ----------------------------
DROP TABLE IF EXISTS `dop_driver`;
CREATE TABLE `dop_driver` (
  `ID` varchar(64) NOT NULL,
  `DRIVER_NAME` varchar(100) DEFAULT NULL COMMENT '驱动包名称',
  `DRIVER_VERSION` varchar(100) DEFAULT NULL COMMENT '驱动版本',
  `DRIVER_PATH` varchar(255) DEFAULT NULL COMMENT '驱动包路径',
  `DB_TYPE` tinyint(4) DEFAULT NULL COMMENT '驱动所属数据库类型：0，ORACLE,1，MYSQL,2，DB2,3，ISOLATION',
  `DRIVER_DESC` varchar(255) DEFAULT NULL COMMENT '描述',
  PRIMARY KEY (`ID`)
) ENGINE=InnoDB DEFAULT CHARSET=utf8;

-- ----------------------------
-- Table structure for dop_elastic_item
-- ----------------------------
DROP TABLE IF EXISTS `dop_elastic_item`;
CREATE TABLE `dop_elastic_item` (
  `id` varchar(64) NOT NULL,
  `strategy_id` varchar(64) NOT NULL COMMENT '策略表ID',
  `item_name` varchar(16) NOT NULL COMMENT '栏目',
  `expand_threshold` decimal(10,2) NOT NULL COMMENT '扩展阀值',
  `shrink_threshold` decimal(10,2) NOT NULL COMMENT '收缩阀值',
  `priority` int(2) NOT NULL COMMENT '优先级',
  `gmt_create` datetime DEFAULT NULL COMMENT '创建时间',
  `gmt_modify` datetime DEFAULT NULL COMMENT '修改时间',
  `creator` varchar(64) DEFAULT NULL COMMENT '操作人',
  PRIMARY KEY (`id`)
) ENGINE=InnoDB DEFAULT CHARSET=utf8;

-- ----------------------------
-- Table structure for dop_elastic_strategy
-- ----------------------------
DROP TABLE IF EXISTS `dop_elastic_strategy`;
CREATE TABLE `dop_elastic_strategy` (
  `id` varchar(64) NOT NULL,
  `system_id` varchar(64) NOT NULL COMMENT '物理系统表ID',
  `max_node` int(11) NOT NULL COMMENT '最大节点数',
  `min_node` int(11) NOT NULL COMMENT '最小节点数',
  `gmt_create` datetime DEFAULT NULL,
  `gmt_modify` datetime DEFAULT NULL,
  `creator` varchar(64) NOT NULL COMMENT '创建人',
  `elastic_strategy` varchar(16) NOT NULL COMMENT '弹性策略',
  `step_size` int(10) DEFAULT NULL COMMENT '固定步长',
  `conflict_strategy` varchar(16) DEFAULT NULL COMMENT '冲突策略',
  `EXTENDED_BY_DURATION` varchar(100) DEFAULT NULL COMMENT '判断间隔秒（s）',
  `EXTENDED_BY_INTERVALS` varchar(100) DEFAULT NULL COMMENT '参考数据时长秒（s）',
  `CONTRACTION_BY_DURATION` varchar(100) DEFAULT NULL COMMENT '判断间隔秒（s）',
  `CONTRACTION_BY_INTERVALS` varchar(100) DEFAULT NULL COMMENT '参考数据时长秒（s）',
  PRIMARY KEY (`id`)
) ENGINE=InnoDB DEFAULT CHARSET=utf8;

-- ----------------------------
-- Table structure for dop_environment
-- ----------------------------
DROP TABLE IF EXISTS `dop_environment`;
CREATE TABLE `dop_environment` (
  `ID` varchar(64) NOT NULL,
  `E_NAME` varchar(100) DEFAULT NULL COMMENT '环境名称',
  `E_DESC` varchar(2000) DEFAULT NULL COMMENT '环境描述',
  `E_CREATOR` varchar(64) DEFAULT NULL COMMENT '创建人',
  `E_CREATE_TIME` datetime DEFAULT NULL COMMENT '创建时间',
  PRIMARY KEY (`ID`)
) ENGINE=InnoDB DEFAULT CHARSET=utf8;

-- ----------------------------
-- Table structure for dop_f5
-- ----------------------------
DROP TABLE IF EXISTS `dop_f5`;
CREATE TABLE `dop_f5` (
  `ID` varchar(64) NOT NULL,
  `F5_NAME` varchar(64) DEFAULT NULL COMMENT 'f5组件名称',
  `F5_HOST_IP` varchar(64) DEFAULT NULL COMMENT 'f5管理IP',
  `F5_HOST_USER` varchar(100) DEFAULT NULL COMMENT '用户',
  `F5_HOST_PWD` varchar(80) DEFAULT NULL COMMENT '密码',
  `F5_EXTERNAL_IP` varchar(30) DEFAULT NULL COMMENT 'f5对外ip',
  `F5_EXTERNAL_PORT` int(11) DEFAULT NULL COMMENT 'f5对外端口',
  `F5_AUTO_CONF` tinyint(4) DEFAULT NULL COMMENT '是否自动配置f5 0:否1:是',
  `F5_DESC` varchar(4096) DEFAULT NULL COMMENT '描述',
  `F5_BIGIP` varchar(255) DEFAULT NULL COMMENT 'BIGIP版本',
  `F5_STATUS` tinyint(4) DEFAULT NULL COMMENT '状态：0，删除，1正常',
  PRIMARY KEY (`ID`)
) ENGINE=InnoDB DEFAULT CHARSET=utf8;

-- ----------------------------
-- Table structure for dop_host
-- ----------------------------
DROP TABLE IF EXISTS `dop_host`;
CREATE TABLE `dop_host` (
  `HOST_ID` varchar(64) NOT NULL COMMENT '主键',
  `HOST_UUID` varchar(64) NOT NULL COMMENT '主机标识',
  `HOST_NAME` varchar(80) NOT NULL COMMENT '主机名称',
  `HOST_USER` varchar(80) NOT NULL COMMENT '主机登陆用户',
  `HOST_PWD` varchar(80) NOT NULL COMMENT '主机密码',
  `HOST_TYPE` tinyint(4) DEFAULT NULL COMMENT 'host_type  0:swarm管理服务器  1：docker服务器  2 仓库主机 3 负责均衡服务器 4 暂未分配',
  `HOST_IP` varchar(30) NOT NULL COMMENT '主机IP地址',
  `HOST_CPU` int(11) unsigned NOT NULL COMMENT 'CPU个数',
  `HOST_MEM` int(11) unsigned NOT NULL COMMENT '内存大小',
  `HOST_STATUS` tinyint(4) NOT NULL COMMENT '主机状态（0删除 1正常 2监控异常3离线 ）',
  `HOST_DESC` varchar(200) DEFAULT NULL COMMENT '描述信息,主要在程序中限制。',
  `HOST_KERNEL_VERSION` varchar(80) NOT NULL COMMENT '内核版本信息',
  `CLUSTER_ID` varchar(64) DEFAULT NULL COMMENT '所在集群的ID，关联集群表，只有当HOSTTYPE=“2”时生效，标志该主机所属集群  ',
  `HOST_CREATETIME` datetime NOT NULL COMMENT '创建时间',
  `HOST_CREATOR` varchar(64) NOT NULL COMMENT '创建人ID，关联USER表',
  `DOCKER_STATUS` tinyint(4) DEFAULT NULL COMMENT 'docker服务状态',
  `LOCATION_ID` varchar(64) DEFAULT NULL COMMENT '层级位置，dop_location主键',
  `REG_ID` varchar(64) DEFAULT NULL COMMENT '主机指定仓库',
  `ENVIRONMENT_ID` varchar(64) DEFAULT NULL COMMENT '环境ID',
  PRIMARY KEY (`HOST_ID`)
) ENGINE=InnoDB DEFAULT CHARSET=utf8 COMMENT='主机信息记录表';

-- ----------------------------
-- Table structure for dop_host_component
-- ----------------------------
DROP TABLE IF EXISTS `dop_host_component`;
CREATE TABLE `dop_host_component` (
  `ID` varchar(64) NOT NULL,
  `COM_TYPE` varchar(64) DEFAULT NULL COMMENT '组件类型，字典表（dop_parameter）code',
  `COM_VERSION` varchar(255) DEFAULT NULL COMMENT '组件版本',
  `COM_FILENAME` varchar(255) DEFAULT NULL COMMENT '文件名称',
  `COM_STATUS_COMMAND` varchar(4000) DEFAULT NULL COMMENT '查看状态脚本',
  `COM_INSTALL_COMMAND` varchar(4000) DEFAULT NULL COMMENT '安装脚本',
  `COM_VERION_COMMAND` varchar(4000) DEFAULT NULL COMMENT '查看已安装的版本',
  `COM_UPGRADE_COMMAND` varchar(4000) DEFAULT NULL COMMENT '升级脚本',
  `COM_TRANSFER` tinyint(4) DEFAULT NULL COMMENT '安装或者升级时是否转移容器：1是，0否',
  `COM_CREATOR` varchar(64) DEFAULT NULL COMMENT '创建人',
  `COM_CREATE_TIME` datetime DEFAULT NULL COMMENT '创建时间',
  `COM_LOCAL_PATH` varchar(255) DEFAULT NULL,
  PRIMARY KEY (`ID`)
) ENGINE=InnoDB DEFAULT CHARSET=utf8;

-- ----------------------------
-- Table structure for dop_host_install
-- ----------------------------
DROP TABLE IF EXISTS `dop_host_install`;
CREATE TABLE `dop_host_install` (
  `ID` varchar(64) NOT NULL,
  `HOST_ID` varchar(64) DEFAULT NULL,
  `HOST_COMPONENT_ID` varchar(64) DEFAULT NULL,
  PRIMARY KEY (`ID`)
) ENGINE=InnoDB DEFAULT CHARSET=utf8;

-- ----------------------------
-- Table structure for dop_image
-- ----------------------------
DROP TABLE IF EXISTS `dop_image`;
CREATE TABLE `dop_image` (
  `IMAGE_ID` varchar(64) NOT NULL COMMENT '主键',
  `IMAGE_UUID` varchar(64) NOT NULL COMMENT '镜像的ID，该ID在镜像创建时生成',
  `IMAGE_STATUS` tinyint(4) NOT NULL COMMENT '主机状态（0 删除 1已发布2已制作）',
  `IMAGE_NAME` varchar(80) DEFAULT NULL COMMENT '镜像名称',
  `IMAGE_TAG` varchar(50) DEFAULT NULL,
  `IMAGE_SIZE` int(10) unsigned DEFAULT NULL,
  `IMAGE_DESC` varchar(200) DEFAULT NULL COMMENT '镜像描述信息',
  `DEPLOY_ID` varchar(64) DEFAULT NULL COMMENT '镜像关联的发布的部署',
  `IMAGE_PORT` varchar(5) DEFAULT NULL COMMENT '镜像对外提供服务的端口，用于向Nginx发布外部访问端口',
  `IMAGE_CREATETIME` datetime DEFAULT NULL,
  `IMAGE_CREATOR` varchar(64) DEFAULT NULL,
  `IMAGE_TYPE` tinyint(4) DEFAULT NULL,
  `TEMP_NAME` varchar(80) DEFAULT NULL COMMENT '镜像别名',
  `SYSTEM_NAME` varchar(100) DEFAULT NULL COMMENT '部署物理系统名称',
  `ENVIRONMENT_ID` varchar(64) DEFAULT NULL COMMENT '所属环境',
  PRIMARY KEY (`IMAGE_ID`)
) ENGINE=InnoDB DEFAULT CHARSET=utf8;

-- ----------------------------
-- Table structure for dop_library
-- ----------------------------
DROP TABLE IF EXISTS `dop_library`;
CREATE TABLE `dop_library` (
  `LIBRARY_ID` varchar(64) NOT NULL,
  `LIBRARY_NAME` varchar(80) DEFAULT NULL COMMENT '名称',
  `LIBRARY_DESCRIPTION` varchar(255) DEFAULT NULL COMMENT '说明',
  `LIBRARY_FILE_PATH` varchar(100) DEFAULT NULL COMMENT '文件目录',
  `LIBRARY_CREATETIME` datetime DEFAULT NULL COMMENT '创建时间',
  `LIBRARY_CREATOR` varchar(64) DEFAULT NULL COMMENT '创建人',
  `STATUS` tinyint(4) DEFAULT NULL,
  `LIBRARY_LOCAL_PATH` varchar(255) DEFAULT NULL COMMENT '本地目录',
  PRIMARY KEY (`LIBRARY_ID`)
) ENGINE=InnoDB DEFAULT CHARSET=utf8;

-- ----------------------------
-- Table structure for dop_location
-- ----------------------------
DROP TABLE IF EXISTS `dop_location`;
CREATE TABLE `dop_location` (
  `ID` varchar(64) NOT NULL,
  `LOCATION_NAME` varchar(200) DEFAULT NULL,
  `LOCATION_CODE` varchar(255) DEFAULT NULL,
  `LOCATION_LEVEL` tinyint(4) DEFAULT NULL COMMENT '层级：0、叶子节点，1、非叶子节点',
  `LOCATION_PARENT` varchar(64) DEFAULT NULL COMMENT '父节点',
  `LOCATION_PARAM_CODE` varchar(100) DEFAULT NULL COMMENT '参数表中表示层级的code值',
  PRIMARY KEY (`ID`)
) ENGINE=InnoDB DEFAULT CHARSET=utf8;

-- ----------------------------
-- Table structure for dop_log
-- ----------------------------
DROP TABLE IF EXISTS `dop_log`;
CREATE TABLE `dop_log` (
  `LOG_ID` varchar(64) NOT NULL COMMENT '日志ID',
  `LOG_OBJECT` varchar(128) DEFAULT NULL,
  `LOG_ACTION` varchar(128) DEFAULT NULL,
  `LOG_RESULT` varchar(128) DEFAULT NULL,
  `USER_ID` varchar(64) DEFAULT NULL,
  `USER_NAME` varchar(80) DEFAULT NULL COMMENT '操作用户',
  `USER_IP` varchar(30) DEFAULT NULL COMMENT 'user所在主机的IP地址',
  `LOG_DETAIL` text COMMENT '详细信息',
  `LOG_CREATETIME` datetime DEFAULT NULL COMMENT '创建时间'
) ENGINE=InnoDB DEFAULT CHARSET=utf8;

-- ----------------------------
-- Table structure for dop_log_backup
-- ----------------------------
DROP TABLE IF EXISTS `dop_log_backup`;
CREATE TABLE `dop_log_backup` (
  `LOG_ID` varchar(64) NOT NULL COMMENT '日志ID',
  `LOG_OBJECT` int(11) NOT NULL COMMENT '日志操作主题',
  `LOG_ACTION` int(11) NOT NULL COMMENT '日志操作行为',
  `LOG_RESULT` int(11) NOT NULL COMMENT '日志操作结果（0：成功，非0：不成功）',
  `USER_ID` varchar(64) NOT NULL COMMENT '操作用户ID',
  `LOG_DETAIL` text COMMENT '详细信息',
  `LOG_CREATETIME` datetime NOT NULL COMMENT '创建时间',
  PRIMARY KEY (`LOG_ID`)
) ENGINE=InnoDB DEFAULT CHARSET=utf8;

-- ----------------------------
-- Table structure for dop_monitor
-- ----------------------------
DROP TABLE IF EXISTS `dop_monitor`;
CREATE TABLE `dop_monitor` (
  `MONITOR_ID` varchar(64) NOT NULL,
  `TARGET_TYPE` tinyint(4) DEFAULT NULL COMMENT '0:物理机；1:容器',
  `MONITOR_TIME` timestamp NULL DEFAULT NULL ON UPDATE CURRENT_TIMESTAMP,
  `TARGET_ID` varchar(64) DEFAULT NULL,
  `CPU` varchar(40) DEFAULT NULL,
  `MEM` varchar(40) DEFAULT NULL,
  `NETIN` varchar(40) DEFAULT NULL,
  `NETOUT` varchar(40) DEFAULT NULL,
  `DISK_SPACE` varchar(40) DEFAULT NULL,
  PRIMARY KEY (`MONITOR_ID`),
  KEY `TARGET_TYPE` (`TARGET_TYPE`,`TARGET_ID`) USING BTREE
) ENGINE=MyISAM DEFAULT CHARSET=utf8;

-- ----------------------------
-- Table structure for dop_monitor_file
-- ----------------------------
DROP TABLE IF EXISTS `dop_monitor_file`;
CREATE TABLE `dop_monitor_file` (
  `MONITOR_ID` varchar(64) NOT NULL,
  `TARGET_TYPE` tinyint(4) DEFAULT NULL COMMENT '0:物理机；1:容器',
  `MONITOR_TIME` timestamp NULL DEFAULT NULL ON UPDATE CURRENT_TIMESTAMP,
  `TARGET_ID` varchar(64) DEFAULT NULL,
  `CPU` varchar(40) DEFAULT NULL,
  `MEM` varchar(40) DEFAULT NULL,
  `NETIN` varchar(40) DEFAULT NULL,
  `NETOUT` varchar(40) DEFAULT NULL,
  `DISK_SPACE` varchar(40) DEFAULT NULL,
  PRIMARY KEY (`MONITOR_ID`),
  KEY `TARGET_TYPE` (`TARGET_TYPE`,`TARGET_ID`) USING BTREE
) ENGINE=MyISAM DEFAULT CHARSET=utf8;

-- ----------------------------
-- Table structure for dop_parameter
-- ----------------------------
DROP TABLE IF EXISTS `dop_parameter`;
CREATE TABLE `dop_parameter` (
  `ID` varchar(64) NOT NULL COMMENT '数字字典ID',
  `PARA_CODE` varchar(255) DEFAULT '' COMMENT '数字字典列表编码',
  `PARA_NAME` varchar(255) DEFAULT NULL COMMENT '数字字典名称',
  `PARA_VALUE` varchar(255) DEFAULT NULL COMMENT '数字字典值',
  `PARA_TYPE` varchar(255) DEFAULT NULL COMMENT '数字字典类型0:位置层级，1安装组件配置',
  `PARA_DESC` varchar(255) DEFAULT NULL COMMENT '数字字典描述',
  `PARENT_ID` varchar(64) DEFAULT NULL COMMENT '父节点ID',
  PRIMARY KEY (`ID`)
) ENGINE=InnoDB DEFAULT CHARSET=utf8;

-- ----------------------------
-- Table structure for dop_port
-- ----------------------------
DROP TABLE IF EXISTS `dop_port`;
CREATE TABLE `dop_port` (
  `ID` varchar(64) NOT NULL,
  `PORT` varchar(32) DEFAULT NULL COMMENT '端口',
  `TYPE` varchar(32) DEFAULT NULL COMMENT '端口类型',
  PRIMARY KEY (`ID`)
) ENGINE=InnoDB DEFAULT CHARSET=utf8;

-- ----------------------------
-- Table structure for dop_rack
-- ----------------------------
DROP TABLE IF EXISTS `dop_rack`;
CREATE TABLE `dop_rack` (
  `ID` varchar(64) NOT NULL,
  `RACK_NAME` varchar(255) DEFAULT NULL COMMENT '机架标识',
  `RACK_REMARK` varchar(2000) DEFAULT NULL COMMENT '机架备注',
  `CREATOR` varchar(64) DEFAULT NULL COMMENT '创建人',
  `SERVER_ROOM_ID` varchar(64) DEFAULT NULL COMMENT '所属机房ID',
  PRIMARY KEY (`ID`)
) ENGINE=InnoDB DEFAULT CHARSET=utf8;

-- ----------------------------
-- Table structure for dop_registry
-- ----------------------------
DROP TABLE IF EXISTS `dop_registry`;
CREATE TABLE `dop_registry` (
  `REGISTRY_ID` varchar(64) NOT NULL COMMENT '主键，自增长',
  `REGISTRY_NAME` varchar(80) DEFAULT NULL COMMENT '仓库名称',
  `REGISTRY_PORT` int(11) DEFAULT NULL COMMENT '端口号',
  `REGISTRY_STATUS` tinyint(4) NOT NULL COMMENT '状态（0 删除 ，1正常）',
  `HOST_ID` varchar(64) NOT NULL COMMENT '本地仓库所在主机ID',
  `REGISTRY_DESC` varchar(200) DEFAULT NULL COMMENT '描述信息',
  `REGISTRY_CREATETIME` datetime NOT NULL COMMENT '创建时间',
  `REGISTRY_CREATOR` varchar(64) DEFAULT NULL COMMENT '创建人ID，关联USER表',
  `LB_ID` varchar(64) DEFAULT NULL COMMENT '负载主表id',
  `REGISTRY_DNS` varchar(200) DEFAULT NULL COMMENT '仓库主机域名',
  PRIMARY KEY (`REGISTRY_ID`)
) ENGINE=InnoDB DEFAULT CHARSET=utf8;

-- ----------------------------
-- Table structure for dop_registry_lb
-- ----------------------------
DROP TABLE IF EXISTS `dop_registry_lb`;
CREATE TABLE `dop_registry_lb` (
  `ID` varchar(64) NOT NULL,
  `REGISTRY_NAME` varchar(80) DEFAULT NULL COMMENT '仓库名称',
  `REGISTRY_DESC` varchar(200) DEFAULT NULL COMMENT '仓库描述',
  `COMPONET_ID` varchar(64) DEFAULT NULL COMMENT '主键',
  `LB_TYPE` tinyint(4) DEFAULT NULL COMMENT '前端负载均衡类型',
  `DOMAIN_NAME` varchar(80) DEFAULT NULL COMMENT '域名',
  `LB_PORT` int(11) DEFAULT NULL COMMENT '负载均衡 端口',
  `LB_IP` varchar(30) DEFAULT NULL COMMENT '负载Ip',
  `LB_HOST_ID` varchar(64) DEFAULT NULL COMMENT '负载主机',
  `STATUS` tinyint(4) DEFAULT NULL COMMENT '0：删除1：正常',
  `REGISTRY_CREATETIME` datetime DEFAULT NULL COMMENT '创建时间',
  `REGISTRY_CREATOR` varchar(64) DEFAULT NULL COMMENT '创建人ID，关联USER表',
  PRIMARY KEY (`ID`)
) ENGINE=InnoDB DEFAULT CHARSET=utf8;

-- ----------------------------
-- Table structure for dop_reg_img
-- ----------------------------
DROP TABLE IF EXISTS `dop_reg_img`;
CREATE TABLE `dop_reg_img` (
  `ID` varchar(64) NOT NULL COMMENT '主键ID',
  `REGISTRY_ID` varchar(64) DEFAULT NULL COMMENT '仓库ID',
  `IMAGE_ID` varchar(64) DEFAULT NULL COMMENT '镜像ID',
  PRIMARY KEY (`ID`)
) ENGINE=InnoDB DEFAULT CHARSET=utf8;

-- ----------------------------
-- Table structure for dop_role
-- ----------------------------
DROP TABLE IF EXISTS `dop_role`;
CREATE TABLE `dop_role` (
  `ROLE_ID` varchar(64) NOT NULL COMMENT '角色ID',
  `ROLE_NAME` varchar(80) CHARACTER SET utf8 NOT NULL COMMENT '角色名称',
  `ROLE_DESC` varchar(200) CHARACTER SET utf8 DEFAULT NULL COMMENT '角色描述信息',
  `ROLE_REMARKS` tinyint(4) DEFAULT NULL COMMENT '角色标记',
  `ROLE_STATUS` tinyint(4) NOT NULL COMMENT '角色状态（1 正常，0注销）',
  PRIMARY KEY (`ROLE_ID`)
) ENGINE=InnoDB DEFAULT CHARSET=latin1;

-- ----------------------------
-- Table structure for dop_role_action
-- ----------------------------
DROP TABLE IF EXISTS `dop_role_action`;
CREATE TABLE `dop_role_action` (
  `ID` varchar(64) NOT NULL COMMENT 'ID',
  `ROLE_ID` varchar(64) NOT NULL COMMENT '角色ID',
  `ACTION_ID` varchar(64) NOT NULL COMMENT '用户ID',
  PRIMARY KEY (`ID`)
) ENGINE=InnoDB DEFAULT CHARSET=utf8;

-- ----------------------------
-- Table structure for dop_server_room
-- ----------------------------
DROP TABLE IF EXISTS `dop_server_room`;
CREATE TABLE `dop_server_room` (
  `ID` varchar(64) NOT NULL,
  `SERVER_ROOM_NAME` varchar(255) DEFAULT NULL COMMENT '机房名称',
  `SERVER_ROOM_REMARK` varchar(2000) DEFAULT NULL COMMENT '备注',
  `CREATOR` varchar(64) DEFAULT NULL COMMENT '创建人ID',
  PRIMARY KEY (`ID`)
) ENGINE=InnoDB DEFAULT CHARSET=utf8;

-- ----------------------------
-- Table structure for dop_system
-- ----------------------------
DROP TABLE IF EXISTS `dop_system`;
CREATE TABLE `dop_system` (
  `SYSTEM_ID` varchar(64) NOT NULL,
  `SYSTEM_TYPE` int(11) DEFAULT NULL,
  `SYSTEM_NAME` varchar(80) DEFAULT NULL,
  `SYSTEM_VERSION` varchar(80) DEFAULT NULL,
  `SYSTEM_DEPLOY_STATUS` tinyint(4) NOT NULL,
  `SYSTEM_ELASTICITY_STATUS` tinyint(4) NOT NULL,
  `DEPLOY_ID` varchar(64) DEFAULT NULL,
  `SYSTEM_DESCRIBE` varchar(200) DEFAULT NULL,
  `OPERATION` tinyint(4) DEFAULT NULL,
  `ADMINISTRATOR` varchar(64) DEFAULT NULL COMMENT '本系统管理员',
  `ENV_ID` varchar(64) DEFAULT NULL COMMENT '所属开发环境',
  `SUPPORTER` varchar(100) DEFAULT NULL COMMENT '负责人',
  PRIMARY KEY (`SYSTEM_ID`)
) ENGINE=InnoDB DEFAULT CHARSET=utf8;

-- ----------------------------
-- Table structure for dop_system_app
-- ----------------------------
DROP TABLE IF EXISTS `dop_system_app`;
CREATE TABLE `dop_system_app` (
  `ID` varchar(64) NOT NULL,
  `SYSTEM_ID` varchar(64) DEFAULT NULL COMMENT '系统id',
  `APP_ROUTE` varchar(200) DEFAULT NULL COMMENT '应用包路径',
  `APP_VERSION` varchar(50) DEFAULT NULL COMMENT '应用包版本',
  `STATUS` tinyint(4) DEFAULT NULL,
  `APP_NAME` varchar(100) DEFAULT NULL COMMENT '应用包名称',
  PRIMARY KEY (`ID`)
) ENGINE=InnoDB DEFAULT CHARSET=utf8;

-- ----------------------------
-- Table structure for dop_system_user
-- ----------------------------
DROP TABLE IF EXISTS `dop_system_user`;
CREATE TABLE `dop_system_user` (
  `ID` varchar(64) NOT NULL,
  `SYSTEM_ID` varchar(64) DEFAULT NULL,
  `USER_ID` varchar(64) DEFAULT NULL,
  PRIMARY KEY (`ID`)
) ENGINE=InnoDB DEFAULT CHARSET=utf8;

-- ----------------------------
-- Table structure for dop_user
-- ----------------------------
DROP TABLE IF EXISTS `dop_user`;
CREATE TABLE `dop_user` (
  `USER_ID` varchar(64) NOT NULL COMMENT '用户ID',
  `USER_NAME` varchar(32) CHARACTER SET utf8 NOT NULL COMMENT '用户名称',
  `USER_PASS` varchar(255) CHARACTER SET utf8 NOT NULL COMMENT '用户密码',
  `USER_MAIL` varchar(64) CHARACTER SET utf8 DEFAULT NULL COMMENT '用户邮箱',
  `USER_PHONE` varchar(16) CHARACTER SET utf8 DEFAULT NULL COMMENT '用户电话',
  `USER_COMPANY` varchar(256) CHARACTER SET utf8 DEFAULT NULL COMMENT '用户公司名称',
  `USER_LEVEL` int(11) NOT NULL COMMENT '用户级别（0 管理员，1普通用户）',
  `USER_STATUS` tinyint(4) NOT NULL COMMENT '用户状态（1 正常 0 注销）',
  `USER_LOGIN_STATUS` varchar(36) DEFAULT NULL COMMENT '用户登录sessionid',
  `USER_ROLEID` varchar(64) DEFAULT NULL COMMENT '用户角色',
  `USER_CREATEDATE` datetime NOT NULL COMMENT '创建时间',
  `USER_CREATOR` varchar(64) DEFAULT NULL COMMENT '用户创建人。除了顶级管理员，其余用户均应有对应的创建人员。',
  PRIMARY KEY (`USER_ID`)
) ENGINE=InnoDB DEFAULT CHARSET=latin1;

-- ----------------------------
-- Table structure for dop_user_role
-- ----------------------------
DROP TABLE IF EXISTS `dop_user_role`;
CREATE TABLE `dop_user_role` (
  `ID` varchar(64) NOT NULL COMMENT 'ID',
  `USER_ID` varchar(64) NOT NULL COMMENT '用户ID',
  `ROLE_ID` varchar(64) NOT NULL COMMENT '角色ID',
  PRIMARY KEY (`ID`)
) ENGINE=InnoDB DEFAULT CHARSET=utf8;

-- ----------------------------
-- Table structure for logs
-- ----------------------------
DROP TABLE IF EXISTS `logs`;
CREATE TABLE `logs` (
  `NODE_ID` varchar(64) NOT NULL,
  `DATED` datetime NOT NULL,
  `LOGGER` varchar(256) NOT NULL,
  `LOG_LEVEL` varchar(10) NOT NULL,
  `MESSAGE` text NOT NULL
) ENGINE=InnoDB DEFAULT CHARSET=utf8;





-- ----------------------------
-- Records of dop_action
-- ----------------------------
INSERT INTO `dop_action` VALUES ('1', '平台首页', '平台首页', '/index.html', '0', 'index', '0');
INSERT INTO `dop_action` VALUES ('2', '资源管理', '资源管理', null, '0', 'manage_resource', '0');
INSERT INTO `dop_action` VALUES ('21', '主机管理', '主机管理', '/host/index.html', '0', 'hostIndex', '2');
INSERT INTO `dop_action` VALUES ('211', '添加主机', '主机管理描述', '/host/create', '1', 'hostCreate', '21');
INSERT INTO `dop_action` VALUES ('2110', '重新测试主机连接', '重新测试主机连接', '/host/reTest', '1', 'hostRetest', '21');
INSERT INTO `dop_action` VALUES ('2111', '检查docker', '检查docker', '/host/dockerDaemon', '1', 'hostCheckDocker', '21');
INSERT INTO `dop_action` VALUES ('2112', '查询主机列表', '按条件查询主机列表', '/host/list', '1', 'hostSearchList', '21');
INSERT INTO `dop_action` VALUES ('212', '编辑主机', '修改主机描述', '/host/update', '1', 'hostUpdate', '21');
INSERT INTO `dop_action` VALUES ('213', '删除主机', '删除主机描述', '/host/delete', '1', 'hostDeleteOne', '21');
INSERT INTO `dop_action` VALUES ('214', '主机列表', '主机列表', '/host/list', '1', 'hostList', '21');
INSERT INTO `dop_action` VALUES ('215', '启动docker', '启动docker', 'host/dockerDaemon', '1', 'hostStartDocker', '21');
INSERT INTO `dop_action` VALUES ('216', '停止docker', '停止docker', '/host/dockerDaemon', '1', 'hostStopDocker', '21');
INSERT INTO `dop_action` VALUES ('217', '安装docker', '安装docker', '/host/dockerDaemon', '1', 'hostInstallDocker', '21');
INSERT INTO `dop_action` VALUES ('218', '主机监控', '主机监控视图', '/monitor/host/id.html', '1', 'monitorHost', '21');
INSERT INTO `dop_action` VALUES ('219', '查看主机详细信息', '查看主机详细信息', '/host/list', '1', 'hostDetail', '21');
INSERT INTO `dop_action` VALUES ('22', '集群管理', '集群管理', '/cluster/index.html', '0', 'clusterIndex', '2');
INSERT INTO `dop_action` VALUES ('221', '创建集群', '添加集群描述', '/cluster/create', '1', 'clusterCreate', '22');
INSERT INTO `dop_action` VALUES ('222', '编辑集群', '编辑集群', '/cluster/update', '1', 'clusterUpdate', '22');
INSERT INTO `dop_action` VALUES ('223', '删除集群', '删除集群', '/cluster/delete', '1', 'clusterDelete', '22');
INSERT INTO `dop_action` VALUES ('224', '集群添加主机', '集群添加主机', '/cluster/addHost', '1', 'clusterAddHost', '22');
INSERT INTO `dop_action` VALUES ('225', '解绑主机', '解绑主机', '/cluster/removeHost', '1', 'clusterRemoveHost', '22');
INSERT INTO `dop_action` VALUES ('226', '迁移', '集群主机迁移', '/host/freeHostList', '1', 'hostFreeHostList', '22');
INSERT INTO `dop_action` VALUES ('227', '集群列表', '集群列表', '/cluster/list', '1', 'clusterList', '22');
INSERT INTO `dop_action` VALUES ('228', '查询集群', '查询集群列表', '/cluster/list', '1', 'clusterSearchList', '22');
INSERT INTO `dop_action` VALUES ('23', '仓库管理', '仓库管理', '/registry/index.html', '0', 'registryIndex', '2');
INSERT INTO `dop_action` VALUES ('231', '创建仓库', '创建仓库', '/registry/create', '1', 'registryCreate', '23');
INSERT INTO `dop_action` VALUES ('232', '编辑仓库', '编辑仓库', '/registry/update', '1', 'registryUpdate', '23');
INSERT INTO `dop_action` VALUES ('233', '仓库列表', '仓库列表', '/registry/list', '1', 'registryList', '23');
INSERT INTO `dop_action` VALUES ('234', '删除仓库', '删除仓库', '/registry/delete', '1', 'registryDeleteOne', '23');
INSERT INTO `dop_action` VALUES ('235', '所含镜像', '查看仓库中镜像信息', '/registry/images.html', '1', 'registryImages', '23');
INSERT INTO `dop_action` VALUES ('236', '查询仓库', '查询仓库列表', '/registry/listLb', '1', 'registrySearchListLb', '23');
INSERT INTO `dop_action` VALUES ('24', '镜像管理', '镜像管理', '/image/index.html', '0', 'imageIndex', '2');
INSERT INTO `dop_action` VALUES ('241', '镜像列表', '镜像列表', '/image/list', '1', 'imageList', '24');
INSERT INTO `dop_action` VALUES ('243', '批量删除', '批量删除', '/image/remove/batch', '1', 'imageRemove', '24');
INSERT INTO `dop_action` VALUES ('244', '发布镜像', '发布镜像', '/image/fastpush', '1', 'imagFastpush', '24');
INSERT INTO `dop_action` VALUES ('245', '删除镜像', '删除镜像', '/image/remove', '1', 'imageRemove', '24');
INSERT INTO `dop_action` VALUES ('246', '查询镜像', '查询镜像列表', '/image/list', '1', 'imageSearchList', '24');
INSERT INTO `dop_action` VALUES ('247', '容器列表', '包含容器列表', '/image/conlist', '1', 'imageConlist', '24');
INSERT INTO `dop_action` VALUES ('25', '容器管理', '容器管理', '/container/index.html', '0', 'containerIndex', '2');
INSERT INTO `dop_action` VALUES ('251', '创建容器', '创建容器', '/container/create', '1', 'containerCreate', '25');
INSERT INTO `dop_action` VALUES ('252', '启动容器', '启动容器', '/container/start', '1', 'containerStart', '25');
INSERT INTO `dop_action` VALUES ('253', '停止容器', '停止容器', '/container/stop', '1', 'containerStop', '25');
INSERT INTO `dop_action` VALUES ('254', '删除容器', '删除容器', '/container/trash', '1', 'containerTrash', '25');
INSERT INTO `dop_action` VALUES ('255', '容器列表', '容器列表', '/container/list', '1', 'containerList', '25');
INSERT INTO `dop_action` VALUES ('256', '查询应用容器', '查询应用容器列表', '/container/list', '1', 'containerSearchList', '25');
INSERT INTO `dop_action` VALUES ('257', '下载应用日志', '下载应用日志', '/container/loadLogs', '1', 'containerLoadLogs', '25');
INSERT INTO `dop_action` VALUES ('258', '容器监控', '容器监控', '/monitor/container/id.html', '1', 'monitorContainer', '25');
INSERT INTO `dop_action` VALUES ('26', '组件管理', '组件管理', '/component/index.html', '0', 'componentIndex', '2');
INSERT INTO `dop_action` VALUES ('261', '组件列表', '组件列表', '/component/list', '1', 'componentList', '26');
INSERT INTO `dop_action` VALUES ('262', '新增组件', '新增组件', '/component/create', '1', 'componentCreate', '26');
INSERT INTO `dop_action` VALUES ('263', '编辑组件', '编辑组件', '/component/update', '1', 'componentUpdate', '26');
INSERT INTO `dop_action` VALUES ('264', '删除组件', '删除组件', '/component/deletes', '1', 'componentDeletes', '26');
INSERT INTO `dop_action` VALUES ('265', '关联物理系统', '关联物理系统', '/component/getSystem', '1', 'componentGetSystem', '26');
INSERT INTO `dop_action` VALUES ('266', '测试组件', '组件可达性测试', '/component/connectTest', '1', 'componentConnectTest', '26');
INSERT INTO `dop_action` VALUES ('267', '查询组件', '查询组件列表', '/component/list', '1', 'componentSearchList', '26');
INSERT INTO `dop_action` VALUES ('27', '预加载包管理', '预加载包管理', '/library/index.html', '0', 'libraryIndex', '2');
INSERT INTO `dop_action` VALUES ('28', '机房管理', '机房管理', '/serverRoom/index.html', '0', 'serverRoomIndex', '2');
INSERT INTO `dop_action` VALUES ('29', '主机组件管理', '主机组件管理', '/hostComponent/index.html', '0', 'hostComponentIndex', '2');
INSERT INTO `dop_action` VALUES ('3', '系统管理', '系统管理', null, '0', 'manage_businessSystem', '0');
INSERT INTO `dop_action` VALUES ('31', '业务系统', '业务系统', '/business/index.html', '0', 'businessIndex', '3');
INSERT INTO `dop_action` VALUES ('311', '业务列表', '业务名称列表', '/business/listAll', '1', 'businessListAll', '31');
INSERT INTO `dop_action` VALUES ('312', '下属物理系统', '下属物理系统', '/system/getListByBusinessId', '1', 'systemGetListByBusiness', '31');
INSERT INTO `dop_action` VALUES ('313', '查看拓扑', '查看拓扑', '/topology/viewTopologys', '1', 'topologyViewTopologys', '31');
INSERT INTO `dop_action` VALUES ('314', '查询业务', '查询业务列表', '/business/listAll', '1', 'businessSearchListAll', '31');
INSERT INTO `dop_action` VALUES ('315', '同步', '同步业务系统', '/business/loadBusiness', '1', 'businessLoadBusiness', '31');
INSERT INTO `dop_action` VALUES ('32', '物理系统', '物理系统', '/system/index.html', '0', 'systemIndex', '3');
INSERT INTO `dop_action` VALUES ('321', '新增系统', '新增物理系统', '/system/create', '1', 'systemCreate', '32');
INSERT INTO `dop_action` VALUES ('322', '物理系统列表', '物理系统列表', '/system/listWithIP', '1', 'systemListWithIP', '32');
INSERT INTO `dop_action` VALUES ('323', '弹性伸缩状态设置', '弹性伸缩状态设置', '/elasticStrategy/create', '1', 'elasticStrategyCreate', '32');
INSERT INTO `dop_action` VALUES ('324', '基本部署', '基本部署', '/system/deploy', '1', 'systemDeploy', '32');
INSERT INTO `dop_action` VALUES ('325', '编排部署', '编排部署', '/system/arrangement', '1', 'systemArrangement', '32');
INSERT INTO `dop_action` VALUES ('326', '监控查看', '监控查看', '/system/getVisitUrl', '1', 'systemGetVisitUrl', '32');
INSERT INTO `dop_action` VALUES ('3261', '新增容器', '新增容器', '/topology/createConByDeployId', '1', 'topologyCreateCon', '326');
INSERT INTO `dop_action` VALUES ('3262', '访问', '访问', '/system/getVisitUrl', '1', 'systemVisitFun', '326');
INSERT INTO `dop_action` VALUES ('3263', '日志', '下载日志', '/container/loadLogs', '1', 'containerLoadLogs', '326');
INSERT INTO `dop_action` VALUES ('3264', '删除', '删除容器', '/topology/stopAndRemoveCon', '1', 'topologyStopAndRemoveCon', '326');
INSERT INTO `dop_action` VALUES ('327', '部署历史', '部署历史', 'system/deployHistory.html', '1', 'systemDeployHistory', '32');
INSERT INTO `dop_action` VALUES ('3271', '下线', '下线', '/system/killVersion', '1', 'systemKillVersion', '32');
INSERT INTO `dop_action` VALUES ('328', '查询物理系统', '查询物理系统列表', '/system/listWithIP', '1', 'systemSearchListWithIP', '32');
INSERT INTO `dop_action` VALUES ('4', '日志管理', '日志管理', null, '0', 'manage_log', '0');
INSERT INTO `dop_action` VALUES ('41', '访问日志', '访问日志', '/log/index.html', '0', 'logIndex', '4');
INSERT INTO `dop_action` VALUES ('411', '访问日志列表', '访问日志列表', '/log/list', '1', 'logList', '41');
INSERT INTO `dop_action` VALUES ('412', '查询访问日志', '查询访问日志列表', '/log/list', '1', 'logSearchList', '41');
INSERT INTO `dop_action` VALUES ('42', '运行日志', '运行日志', '/logs/index.html', '0', 'logsIndex', '4');
INSERT INTO `dop_action` VALUES ('421', '运行日志列表', '运行日志列表', '/log/runLogslist', '1', 'logRunLogsList', '42');
INSERT INTO `dop_action` VALUES ('422', '查询运行日志', '查询运行日志列表', '/log/runLogslist', '1', 'logSearchRunLogsList', '42');
INSERT INTO `dop_action` VALUES ('6', '权限管理', '权限管理xxx', null, '0', 'manage_auth', '0');
INSERT INTO `dop_action` VALUES ('61', '用户管理', '用户管理描述', '/user/index.html', '0', 'userIndex', '6');
INSERT INTO `dop_action` VALUES ('611', '创建用户', '创建用户', '/user/create', '1', 'userCreate', '61');
INSERT INTO `dop_action` VALUES ('612', '编辑用户', '编辑用户', '/user/update', '1', 'userUpdate', '61');
INSERT INTO `dop_action` VALUES ('613', '冻结用户', '冻结用户', '/user/delete', '1', 'userDelete', '61');
INSERT INTO `dop_action` VALUES ('614', '用户列表', '用户列表', '/user/all', '1', 'userList', '61');
INSERT INTO `dop_action` VALUES ('615', '用户授权', '用户添加角色', '/user/authToUser', '1', 'userAddRole', '61');
INSERT INTO `dop_action` VALUES ('616', '激活用户', '激活用户', '/user/active', '1', 'activeUser', '61');
INSERT INTO `dop_action` VALUES ('617', '查询用户', '查询用户列表', '/user/all', '1', 'userSearchAll', '61');
INSERT INTO `dop_action` VALUES ('62', '角色管理', '角色管理描述', '/role/index.html', '0', 'roleIndex', '6');
INSERT INTO `dop_action` VALUES ('621', '角色授予权限', '角色授予权限', '/role/authToRole', '1', 'roleAuth', '62');
INSERT INTO `dop_action` VALUES ('622', '编辑角色', '编辑角色', '/role/update', '1', 'roleUpdate', '62');
INSERT INTO `dop_action` VALUES ('623', '角色列表', '角色列表', '/role/all', '1', 'roleList', '62');
INSERT INTO `dop_action` VALUES ('624', '查询角色', '查询角色', '/role/all', '1', 'roleSearchAll', '62');
INSERT INTO `dop_action` VALUES ('625', '角色名链接', '角色名链接', '/role/detail', '1', 'roleDetail', '62');
INSERT INTO `dop_action` VALUES ('63', '权限管理', '权限管理描述', '/auth/index.html', '0', 'authIndex', '6');
INSERT INTO `dop_action` VALUES ('631', '编辑权限', '修改权限', '/auth/update', '1', 'authUpdate', '63');
INSERT INTO `dop_action` VALUES ('632', '权限列表', '权限列表', '/auth/all', '1', 'authList', '63');
INSERT INTO `dop_action` VALUES ('633', '查询权限', '查询权限列表', '/auth/all', '1', 'authSearchAll', '63');

-- ----------------------------
-- Records of dop_comp_type
-- ----------------------------
INSERT INTO `dop_comp_type` VALUES ('1', 'Nginx');
INSERT INTO `dop_comp_type` VALUES ('2', 'F5');
INSERT INTO `dop_comp_type` VALUES ('3', 'DB');
INSERT INTO `dop_comp_type` VALUES ('4', '反向通道');
INSERT INTO `dop_comp_type` VALUES ('5', 'DNS');
INSERT INTO `dop_comp_type` VALUES ('6', 'Nginx组');

-- ----------------------------
-- Records of dop_dictionary
-- ----------------------------
INSERT INTO `dop_dictionary` VALUES ('1', 'log', '日志', '0', '1', null);
INSERT INTO `dop_dictionary` VALUES ('10', 'componentType', '组件类型', '0', '1', null);
INSERT INTO `dop_dictionary` VALUES ('100', '/registry/update', '更新仓库信息', '0', '1', null);
INSERT INTO `dop_dictionary` VALUES ('103', '/registry/delete', '删除仓库', '0', '1', null);
INSERT INTO `dop_dictionary` VALUES ('105', '/registry/syncRegiImgInfo', '同步数据库与实际注册服务器之间的镜像', '0', '1', null);
INSERT INTO `dop_dictionary` VALUES ('106', '/registry/select', '增加处理查询仓库中包含的镜像列表内容', '0', '1', null);
INSERT INTO `dop_dictionary` VALUES ('107', '/registry/sync/batch', '同时同步多个仓库中包含的镜像', '0', '1', null);
INSERT INTO `dop_dictionary` VALUES ('108', '/registry/remove/batch', '批量删除仓库', '0', '1', null);
INSERT INTO `dop_dictionary` VALUES ('11', 'system', '物理系统', '0', '1', null);
INSERT INTO `dop_dictionary` VALUES ('110', '/system/create', '添加物理系统', '0', '1', null);
INSERT INTO `dop_dictionary` VALUES ('115', '/system/topologyChange', '修改拓扑图结构', '0', '1', null);
INSERT INTO `dop_dictionary` VALUES ('117', '/system/rollBackImage', '系统版本回滚', '0', '1', null);
INSERT INTO `dop_dictionary` VALUES ('118', '/system/deleteVersion', '删除系统版本信息', '0', '1', null);
INSERT INTO `dop_dictionary` VALUES ('119', '/system/killVersion', '版本下线', '0', '1', null);
INSERT INTO `dop_dictionary` VALUES ('12', 'index.html', '登录', '0', '1', null);
INSERT INTO `dop_dictionary` VALUES ('121', '/system/deploy', '物理系统新增部署版本', '0', '1', null);
INSERT INTO `dop_dictionary` VALUES ('13', '200', 'Success', '0', '1', null);
INSERT INTO `dop_dictionary` VALUES ('14', '404', 'Not Found', '0', '1', null);
INSERT INTO `dop_dictionary` VALUES ('143', 'mysql', 'mysql-connector-java-5.0.2-beta-bin.jar', '1', '1', null);
INSERT INTO `dop_dictionary` VALUES ('144', 'oracle', 'ojdbc14.jar', '1', '1', null);
INSERT INTO `dop_dictionary` VALUES ('145', 'db2', 'weblogic.jdbcx.db2.DB2DataSource', '1', '1', null);
INSERT INTO `dop_dictionary` VALUES ('15', 'physical', '物理系统', '0', '1', null);
INSERT INTO `dop_dictionary` VALUES ('152', '/elasticStrategy/create', '设置弹性伸缩策略', '0', '1', null);
INSERT INTO `dop_dictionary` VALUES ('155', '/topology/createConByDeployId', '依赖镜像批量启动容器', '0', '1', null);
INSERT INTO `dop_dictionary` VALUES ('156', '/topology/stopAndRemoveCon', '批量停止、删除容器', '0', '1', null);
INSERT INTO `dop_dictionary` VALUES ('158', '/cluster/migrate', '集群迁移', '0', '1', null);
INSERT INTO `dop_dictionary` VALUES ('159', '/cluster/recovery', '集群恢复', '0', '1', null);
INSERT INTO `dop_dictionary` VALUES ('16', '/application/create', '添加应用', '0', '1', null);
INSERT INTO `dop_dictionary` VALUES ('160', '/cluster/isolate', '集群隔离', '0', '1', null);
INSERT INTO `dop_dictionary` VALUES ('163', '/container/stopAndRemoveCon ', '批量停止、删除容器', '0', '1', null);
INSERT INTO `dop_dictionary` VALUES ('164', '/container/createConBySystemId', '依赖镜像批量启动容器', '0', '1', null);
INSERT INTO `dop_dictionary` VALUES ('166', '/container/clear', '清除主机容器', '0', '1', null);
INSERT INTO `dop_dictionary` VALUES ('167', '/container/download', '日志下载', '0', '1', null);
INSERT INTO `dop_dictionary` VALUES ('168', '/component/connectTest', '组件的可达性测试', '0', '1', null);
INSERT INTO `dop_dictionary` VALUES ('2', 'business', '业务', '0', '1', null);
INSERT INTO `dop_dictionary` VALUES ('20', '/application/delete', '删除应用', '0', '1', null);
INSERT INTO `dop_dictionary` VALUES ('201', '/host/createGroup', '批量新增主机', '0', '1', '');
INSERT INTO `dop_dictionary` VALUES ('22', '/application/remove/batch', '批量删除应用', '0', '1', null);
INSERT INTO `dop_dictionary` VALUES ('23', '/application/update', '更新应用信息', '0', '1', null);
INSERT INTO `dop_dictionary` VALUES ('25', '/application/isExist', '判断应用名称是否存在', '0', '1', null);
INSERT INTO `dop_dictionary` VALUES ('27', '/cluster/create', '创建集群', '0', '1', null);
INSERT INTO `dop_dictionary` VALUES ('28', '/cluster/delete', '删除集群', '0', '1', null);
INSERT INTO `dop_dictionary` VALUES ('29', '/cluster/deletes', '批量删除集群', '0', '1', null);
INSERT INTO `dop_dictionary` VALUES ('3', 'image', '镜像', '0', '1', null);
INSERT INTO `dop_dictionary` VALUES ('30', '/cluster/update', '更新集群信息', '0', '1', null);
INSERT INTO `dop_dictionary` VALUES ('35', '/cluster/addHost', '集群添加主机', '0', '1', null);
INSERT INTO `dop_dictionary` VALUES ('36', '/cluster/removeHost', '集群移除主机', '0', '1', null);
INSERT INTO `dop_dictionary` VALUES ('37', '/cluster/healthCheck', '集群健康检查', '0', '1', null);
INSERT INTO `dop_dictionary` VALUES ('4', 'container', '容器', '0', '1', null);
INSERT INTO `dop_dictionary` VALUES ('40', '/component/create', '创建组件', '0', '1', null);
INSERT INTO `dop_dictionary` VALUES ('41', '/component/delete', '删除组件', '0', '1', null);
INSERT INTO `dop_dictionary` VALUES ('42', '/component/deletes', '批量删除组件', '0', '1', null);
INSERT INTO `dop_dictionary` VALUES ('43', '/component/update', '更新组件信息', '0', '1', null);
INSERT INTO `dop_dictionary` VALUES ('49', '/container/create', '创建容器', '0', '1', null);
INSERT INTO `dop_dictionary` VALUES ('5', 'host', '主机', '0', '1', null);
INSERT INTO `dop_dictionary` VALUES ('50', '/container/start', '启动容器', '0', '1', null);
INSERT INTO `dop_dictionary` VALUES ('51', '/container/stop', '停止容器运行', '0', '1', null);
INSERT INTO `dop_dictionary` VALUES ('52', '/container/trash', '删除容器', '0', '1', null);
INSERT INTO `dop_dictionary` VALUES ('57', '/host/create', '创建物理主机', '0', '1', null);
INSERT INTO `dop_dictionary` VALUES ('58', '/host/delete', '删除物理主机', '0', '1', null);
INSERT INTO `dop_dictionary` VALUES ('59', '/host/deletes', '批量删除物理主机', '0', '1', null);
INSERT INTO `dop_dictionary` VALUES ('6', 'cluster', '集群', '0', '1', null);
INSERT INTO `dop_dictionary` VALUES ('60', '/host/update', '更新主机信息', '0', '1', null);
INSERT INTO `dop_dictionary` VALUES ('610', '/system/switchImage', '切换镜像', '0', '1', '');
INSERT INTO `dop_dictionary` VALUES ('62', '/host/queryIP', '创建主机时检查IP', '0', '1', null);
INSERT INTO `dop_dictionary` VALUES ('63', '/host/addToCluster', '添加主机到集群中', '0', '1', null);
INSERT INTO `dop_dictionary` VALUES ('64', '/host/removeFromCluster', '移除主机从集群中', '0', '1', null);
INSERT INTO `dop_dictionary` VALUES ('68', '/image/make', '制作镜像', '0', '1', null);
INSERT INTO `dop_dictionary` VALUES ('69', '/image/push', '发布镜像', '0', '1', null);
INSERT INTO `dop_dictionary` VALUES ('7', 'registry', '仓库', '0', '1', null);
INSERT INTO `dop_dictionary` VALUES ('71', '/image/remove/{id}', '删除镜像', '0', '1', null);
INSERT INTO `dop_dictionary` VALUES ('72', '/image/remove/batch', '批量删除镜像', '0', '1', null);
INSERT INTO `dop_dictionary` VALUES ('77', '/loadbalance/create', '创建负载均衡', '0', '1', null);
INSERT INTO `dop_dictionary` VALUES ('8', 'component', '组件', '0', '1', null);
INSERT INTO `dop_dictionary` VALUES ('80', '/loadbalance/addApp', '应用加入负载', '0', '1', null);
INSERT INTO `dop_dictionary` VALUES ('81', '/loadbalance/modify', '更新负载均衡', '0', '1', null);
INSERT INTO `dop_dictionary` VALUES ('82', '/loadbalance/remove', '删除负载均衡', '0', '1', null);
INSERT INTO `dop_dictionary` VALUES ('85', '/log/encry/{password}', '加密密码', '0', '1', null);
INSERT INTO `dop_dictionary` VALUES ('86', '/login', '登录', '0', '1', null);
INSERT INTO `dop_dictionary` VALUES ('87', '/logout.html', '登出', '0', '1', null);
INSERT INTO `dop_dictionary` VALUES ('89', '/modifyPassProcess', '修改用户密码', '0', '1', null);
INSERT INTO `dop_dictionary` VALUES ('9', 'param', '参数', '0', '1', null);
INSERT INTO `dop_dictionary` VALUES ('99', '/registry/create', '创建仓库', '0', '1', null);

-- ----------------------------
-- Records of dop_driver
-- ----------------------------
INSERT INTO `dop_driver` VALUES ('2', 'oracle', null, 'oracle', '0', 'oracle驱动');
INSERT INTO `dop_driver` VALUES ('3', 'db2', null, 'db2', '2', 'db2驱动');
INSERT INTO `dop_driver` VALUES ('7', 'mysql', '', 'mysql', '1', 'mysql驱动');

-- ----------------------------
-- Records of dop_parameter
-- ----------------------------
INSERT INTO `dop_parameter` VALUES ('1', 'jifang', 'jifang', '机房', '0', null, '0');
INSERT INTO `dop_parameter` VALUES ('2', 'jijia', 'jijia', '机架', '0', '机架', '1');
INSERT INTO `dop_parameter` VALUES ('2ad53f97ee9c4ca0890567c99604934e', 'registry', '仓库', 'registry', '1', '', '');
INSERT INTO `dop_parameter` VALUES ('3', 'wuliji', 'wuliji', '物理机', '0', '物理机', '2');
INSERT INTO `dop_parameter` VALUES ('4056f995a0284af4bf06ced24e97a423', 'swarm', 'swarm', 'swarm', '1', '', null);
INSERT INTO `dop_parameter` VALUES ('4c9ec7190e3e462894a896a8537eb8d3', 'oncesysinfo', '物理机监控Agent', 'oncesysinfo', '1', '', '');
INSERT INTO `dop_parameter` VALUES ('d29e026b275f413b9e5a6481c7c76c3d', 'nginx', 'nginx', 'nginx', '1', '', '');
INSERT INTO `dop_parameter` VALUES ('f52a81a274cc4c19998a0d495070b8fb', 'docker', 'docker', 'docker', '1', '', null);

-- ----------------------------
-- Records of dop_role
-- ----------------------------
INSERT INTO `dop_role` VALUES ('1', '管理员', '创建系统账号', '1', '1');
INSERT INTO `dop_role` VALUES ('2', '审计管理员', '查看日志', '2', '1');
INSERT INTO `dop_role` VALUES ('3', '业务管理员', '除了设置账号拥有其他所有权限', '3', '1');
INSERT INTO `dop_role` VALUES ('4', '物理系统用户', '可以使用物理系统功能并在功能中只能看到和操作本用户管理的系统', '4', '1');

-- ----------------------------
-- Records of dop_role_action
-- ----------------------------
INSERT INTO `dop_role_action` VALUES ('1', '1', '1');
INSERT INTO `dop_role_action` VALUES ('10', '1', '21');
INSERT INTO `dop_role_action` VALUES ('11', '1', '61');
INSERT INTO `dop_role_action` VALUES ('110', '1', '62');
INSERT INTO `dop_role_action` VALUES ('111', '1', '612');
INSERT INTO `dop_role_action` VALUES ('112', '1', '22');
INSERT INTO `dop_role_action` VALUES ('113', '1', '211');
INSERT INTO `dop_role_action` VALUES ('117', '1', '223');
INSERT INTO `dop_role_action` VALUES ('118', '1', '234');
INSERT INTO `dop_role_action` VALUES ('119', '1', '245');
INSERT INTO `dop_role_action` VALUES ('12', '1', '32');
INSERT INTO `dop_role_action` VALUES ('120', '1', '23');
INSERT INTO `dop_role_action` VALUES ('123', '1', '632');
INSERT INTO `dop_role_action` VALUES ('13', '1', '24');
INSERT INTO `dop_role_action` VALUES ('14', '1', '25');
INSERT INTO `dop_role_action` VALUES ('15', '1', '26');
INSERT INTO `dop_role_action` VALUES ('16', '1', '212');
INSERT INTO `dop_role_action` VALUES ('17', '1', '213');
INSERT INTO `dop_role_action` VALUES ('18', '1', '214');
INSERT INTO `dop_role_action` VALUES ('187', '1', '221');
INSERT INTO `dop_role_action` VALUES ('188', '1', '222');
INSERT INTO `dop_role_action` VALUES ('189', '1', '611');
INSERT INTO `dop_role_action` VALUES ('19', '1', '224');
INSERT INTO `dop_role_action` VALUES ('190', '1', '225');
INSERT INTO `dop_role_action` VALUES ('191', '1', '231');
INSERT INTO `dop_role_action` VALUES ('192', '1', '232');
INSERT INTO `dop_role_action` VALUES ('2', '1', '233');
INSERT INTO `dop_role_action` VALUES ('20', '1', '235');
INSERT INTO `dop_role_action` VALUES ('21', '1', '241');
INSERT INTO `dop_role_action` VALUES ('22', '1', '243');
INSERT INTO `dop_role_action` VALUES ('221', '1', '244');
INSERT INTO `dop_role_action` VALUES ('222', '1', '613');
INSERT INTO `dop_role_action` VALUES ('223', '1', '614');
INSERT INTO `dop_role_action` VALUES ('224', '1', '615');
INSERT INTO `dop_role_action` VALUES ('23', '1', '616');
INSERT INTO `dop_role_action` VALUES ('239', '1', '621');
INSERT INTO `dop_role_action` VALUES ('24', '1', '622');
INSERT INTO `dop_role_action` VALUES ('240', '1', '2');
INSERT INTO `dop_role_action` VALUES ('241', '1', '623');
INSERT INTO `dop_role_action` VALUES ('242', '1', '631');
INSERT INTO `dop_role_action` VALUES ('243', '1', '3');
INSERT INTO `dop_role_action` VALUES ('244', '1', '4');
INSERT INTO `dop_role_action` VALUES ('245', '1', '63');
INSERT INTO `dop_role_action` VALUES ('246', '1', '6');
INSERT INTO `dop_role_action` VALUES ('247', '1', '31');
INSERT INTO `dop_role_action` VALUES ('248', '1', '41');
INSERT INTO `dop_role_action` VALUES ('249', '1', '42');
INSERT INTO `dop_role_action` VALUES ('250', '1', '27');
INSERT INTO `dop_role_action` VALUES ('251', '1', '29');
INSERT INTO `dop_role_action` VALUES ('9095581557d04b5fb975c19c603340aa', '2', '42');
INSERT INTO `dop_role_action` VALUES ('ba80e05ab1934a89a5ec962f64b09ee3', '2', '1');
INSERT INTO `dop_role_action` VALUES ('bedc919518ad493b8eb0d3b0821d16a1', '2', '4');
INSERT INTO `dop_role_action` VALUES ('f2954a95f5ab4888b8efec1b1efcff88', '2', '41');

-- ----------------------------
-- Records of dop_user
-- ----------------------------
INSERT INTO `dop_user` VALUES ('1', 'admin', '{AES}dtIocmlVHZN7B28YUCAkU+zEtr1mnxSv4JT1q2ejrEs=', 'cmbc15@163.com', '15100118888', null, '0', '1', 'D756039AB38D9F3CC37664EEFD41B81C', null, '2015-11-05 10:04:06', '1');
INSERT INTO `dop_user` VALUES ('2', 'JunitUserNameUpdate', '123456', 'junit@sina.com.cn', '61450079', '7298e72a43f54647a33656db3fdfe9a8', '1', '0', null, '1', '2016-02-24 09:23:50', '1');
INSERT INTO `dop_user` VALUES ('67b95b9c466043daada2231d8679259c', '111', '{AES}GOD70qeTfAu6UZrX2a1jwurMSm098aIXKa5neIx639U=', '222@123.com', '123333333', 'af8f07f55f4d413088c2fda1286f422b', '1', '1', null, null, '2016-08-02 19:01:32', '7fe0bd685b1d417cbfee6e689dc77a5c');
INSERT INTO `dop_user` VALUES ('7fe0bd685b1d417cbfee6e689dc77a5c', 'sgcc', '{AES}9n5UeKAC8ITwGJr7D2xMgF6lI4Nw/dR8Y+c+ahilbjw=', '123@123.com', '123456789', '7298e72a43f54647a33656db3fdfe9a8', '1', '1', '29F6C81A9E93A98FA1961816412F79B5', null, '2016-06-12 17:15:11', '1');
INSERT INTO `dop_user` VALUES ('91f01b4acdaf45798965a890f8340c93', '123', '{AES}7FURJ3K8KhKtGRlFwBx9lMBagc1KezvJGOgwqM43EV0=', '123@12.com', '1234567811', 'af8f07f55f4d413088c2fda1286f422b', '1', '1', null, null, '2016-08-02 17:00:17', '1');

-- ----------------------------
-- Records of dop_user_role
-- ----------------------------
INSERT INTO `dop_user_role` VALUES ('1', '1', '1');
INSERT INTO `dop_user_role` VALUES ('3568a8f4360048f097fc4da1ea3ab580', '1fca6e16e492487db6b3f164e19fe384', '3');
INSERT INTO `dop_user_role` VALUES ('4', '23', '1');
INSERT INTO `dop_user_role` VALUES ('5', '24', '1');
INSERT INTO `dop_user_role` VALUES ('50684503658f4c4d9af2faf44fd21239', '7fe0bd685b1d417cbfee6e689dc77a5c', '1');
INSERT INTO `dop_user_role` VALUES ('5108be6bf50d4c96a74dfd15e25631e9', '7fe0bd685b1d417cbfee6e689dc77a5c', '4');
INSERT INTO `dop_user_role` VALUES ('7', '26', '1');
INSERT INTO `dop_user_role` VALUES ('9318eff93ea046f4b4c4dacd3b22b822', '1fca6e16e492487db6b3f164e19fe384', '2');
INSERT INTO `dop_user_role` VALUES ('a6d6e3e386944d95bbbd9773da184579', '2', '4');
INSERT INTO `dop_user_role` VALUES ('b99c1252f0744e32885c6ab1a871d8c0', '08e91640a83e454cb4dde0274681ec05', '1');
INSERT INTO `dop_user_role` VALUES ('bb24cc0fe492479885a3139883de4c70', '08e91640a83e454cb4dde0274681ec05', '2');
INSERT INTO `dop_user_role` VALUES ('ff7b4b4958cc4e45b8c0e99d1a47d512', '2222', '2');
